entname,is_brap
8c75d34d57a428695c3f16037534b8f6,1
746e10b6cbd17730244445443e1ced93,1
37b42d56c7828b5be2a1c5e370db8e59,1
bdb64f0d37877fadd579a0f62c19ca08,1
042c28228524b6a18009ca9e3fbb6f89,1
3d8709c812aa612df2ae046fedd6f2d6,3
d7a53be04656e8aca9751afa7c43e7cf,1
6c3b2297cb3dfb172d239bed45cc2c42,1
d019400d5d3ccba02971d40f9267e569,1
8146a8efeb4dab39b419a1c516deb801,1
5f32d581a5a4031c0be443db5ecba3e0,1
548a5eb81c7ae4362c85771b53ac44d6,1
cfef9a1ee68c4e9689f1b306f775d019,2
ebed76add8cd3439e52852159d1e33c3,1
cd9fa512ebafaa3f249f03a647024122,1
3ed20b30a9a13fbcf4445ea299ff219c,1
b1c3ad0a7c1ac0c0b3c3aa288cf2c509,2
b5008720df1bf1dbbd4ba7441b4776ea,1
527e46c290738439176fde80a625e247,1
584cd7fd0cacc23bf3b38c133a564a85,1
58c16a077ca21ccff344cd61ce75af51,4
c88a016085b23ca5654c4bdba42191cd,1
eebe154913b59e0e18e637847e0240b5,2
adc5998f1a4a50270b10f9af0dd6733d,1
822648bfda0f919b9be184e56564e588,1
cfd85e03e154dab2b86911f77e7c82bc,1
da920e20f4b637825b78a444069140f1,1
71c1c3555f8df9d1faf53c684c60fec5,1
5adc70e6d89ed4d0db0fa3c514eedffa,1
a445491d135f1edca42178240eb578fb,1
3964487ce6c5598c7cd44a7869a70cac,1
1850f8f5b6fe91956abc39d834a1619f,1
59f52682f9d53a063f37349aa7303d0b,1
5a18ec68d6fb5bd49f4455033c26e1a3,1
7762142af6bf5ebc2f8dd4677abac09f,1
29f414ef3c2c9d34000a2c37f78cc87b,1
26633f47d1a6276055050d90db3e07bb,1
87aa22427a68ccf737ae919f506d0bfd,2
3779e77346eabb29f80f3956b6cadbfb,1
5f74f606b857bb3645c4ad5c4cbd8644,1
7a87bd7fdbaa6c4ab6aa7ccb785cc20c,1
ff7200ddc32df2ce390d63eea7118065,1
218b5a8d391fc21730d63319c2bffb29,1
3dee6014c41094a9cacf5c3a94aaaf10,1
aa764a87633b922a00693501a2752de0,1
906143afbaeca20aeb85cc4a9b7b69c5,1
958fd00399f0b3533d9cfa992279b4af,2
6116de1795e8753decf8421c846768f7,1
6ed19c9ba03c7465cd25c5129b4a67df,2
2fd8c72f13733e16a47307a03b6cc14c,1
1f0e80cdc70b9494a50fb2e27f755e80,1
315925d3c75815f0d721a9fe0c7d3ef4,1
078b2f7390a83def066c42ac5f15e379,1
e6a368317a586154ea0ad359171e2007,1
dcc44d12eabc0136dc5f2ea529bf98b9,1
ee9c9c54af23fbbb3ee24ba519a39327,1
d6d85f25e632619b3592075753f7993e,1
921a8cd9a5154c8bf64df10260da498b,1
4f2b400d2f7e16c071ad87b9aca18110,1
999b75fd8f688de4b9d9c2c14b298b81,1
f9b3a9695b897e2f1319eaa7be7b9ee3,1
55d23af068d31150561d3bb92ec0d344,1
acdca370f01548e1a2a7d02cac6a4dd2,1
d66d6b64889c3da9c28a067b12ae188c,1
70ee514aa1ae5d9cb91ac1294ea27f01,1
8efb194fad9e93b11fa5be2bd25c2028,1
763f0278d0fc61d9a875f87be695e13d,2
6e791af967f0a40d80139cbee3cce764,1
f47e4c350d08ae730de7129249810945,1
8183a833c64534e3b2d6405d711d3123,2
9670c602b50257f8352742103b8da440,2
fcb96ee1a54dbea29ff1b756b72de53d,1
4fe6578fac4ccc304fcaecf4b15f5bb9,2
4f3855cd7472fccb2fa09761702a2054,1
00b751dc3b694755c35e109fa69d5b61,1
74e1513bc6b2081c807bd7f6568ecc35,1
8d2fc2016ca4536ede6d26f0edc177ac,1
77ef07e45ca2491fbf9744c805ec36e2,1
152b280d2173276461d163bbc4700c77,1
88c9347385ca7627cf5c57dcac25be69,1
5f624bbf1d3fc1cc056984b40a944897,1
839c0f0aee1c5261d462013f7110c579,1
2e61c9c114d9b1546d7207d76f61ac13,1
eb911e77b83004919e996f93821b0600,1
dd1ed5f6e50e90b0258636d28ba28d40,1
efab30d63ad0ab9c02f0521219519628,1
e6ae065efbf0b9d33399516f14953783,1
13cf0e8607b8cacb866ef250495c1f7c,1
b63599f0fa39386ac250cea5f4c8c18e,1
23474ba23d66b658af7b500cb9792307,1
bc9020fe2a8225ca9c0c25206a84a059,1
4d7e371807f5ace0ffc24a4a59b140e9,1
578c19cfa88d91acf3284f4fd44e5b11,1
bb790bce3123c457405d9aebec1f25de,1
1de24ef59841725a9745dea30c39d8d9,1
e3a985badd734b981a730bce3b795bd3,2
92eaedda00a46ead144bf4cc233e35d8,1
33e895a7f154a7870427935031988468,1
680a970cb7adfe35e0606dc05f6df4e4,1
944445ac9bb9ad8c1feaa248450820f7,1
3571ee8e980880dde1dbcd6cb7cb9c29,1
1e0140395c73baef95ff58e10aada240,2
7e9340a711397baf545b628dc295e34e,1
4e2d22c95bd31fa0c79aa471bcee0f8d,1
6ea119061a018acd8f77d0d245a6c973,1
1d20a82a7a5dd0fdb4f8b808d911359f,1
9a5efb9c41ac8b2cc2c9b4dbec0e680d,1
a58555587af2ad2a94b296d5f93126b0,1
5a30e65a0f8b27f3a1f61cae268ca43f,1
58be358984e20ccccd2f6e0c8cdb73c9,1
e2dd9494782144417bf06c7ac5d2c04c,1
dfb670d2f5a41a0086dfd11390f5ddfe,1
cc57b33375ab86641806dad878ecc511,1
b3d9ff3a78ff577705c247ca8e142a59,1
b6eaf6cbaeb93d0535de4e0df30068bb,1
24eab27990ccfd827906cfc49d684515,1
bf7137bcf82878bd3a96a784177fb0ac,1
2f68da7a38e72d6e2519c81baf1c655b,1
d94038036a2674792817d299664a887d,1
9840183e5f726161ea28fc4ff1314962,1
5e0c92b763d381ad19e165a6d85ab047,1
8a6f34fc06e3d1d4bda0b914c69d1e4d,1
8fdbacd1c83094315cb2edf7039f31cc,1
7befbfe152c6c2c3351cc322de11b2df,1
435629c5f56a2b0415c525b2dc64d0ce,1
927113d73d16c9eae86309c741f1ec6f,1
1cccddc13df6371ed4df397c4c9efaf8,1
1c7191c85c55963366655d801febcac8,1
61a9efafb28fc0a4af13146a59b42644,2
b1face299b7c877e135a61366ffae7dc,1
57a2c1b9c2536e98139d14f743e9d098,1
23d3d1318595bef53a5c4d0e4fd90a5d,1
cd37f94ff6827c919ca73b88df8941dc,1
566cfa32aabb251115de779b99f037ec,1
7d8bf4ca237594dc1d2a5afab72ca825,1
11c9aa44b4d72e4529f2e16b701e39a4,1
023a3ade0586ea023246d517b39a0fd7,1
38070da273eb8c0c6291fb52ec2d0a73,1
2ba3c2c7dcc24f6de84fdf03c9547138,3
41e8c7c539b42a8ff4d0abad112a2eff,1
57cecd0726597ea9a5d7440f198a658b,1
ff2a8c40060f79900fcbda34d1c3b2bf,1
02443fab13303320ee2d6b5561b123ae,1
10b5e8df031ac861f11721a3e6af44d9,2
73706f3b5004b04881b68955dcf88d48,1
9a5fe7f7f1552d569b5159c6eca8bc25,1
84344b238c5ee6cda2f58a19530ddcf0,2
e5d9bd632566f4c8d46bf6265482906f,1
1f9f98d0460032edca58ea90616495ee,5
24de32cd7a588b00d3311575f9ba5b1a,1
6349c39a959f4dc1529b995cc60d861c,1
9808f6fa9ab4bbdcb5b65e8fa87d9607,1
62d44bc4c8a45e23624a221cf1b21942,1
90e6eee539b743ee2b3d4646854a10f1,1
7ce4ece7eea9c6cff605deee87b2127c,1
b6d90f2dbf3d9c14e59b2989dc998f66,2
11f545d3b1abccd26227ca2f7c7c6a31,1
e2681322134388425a17a4fa099cb6a6,1
84c22073fdb1733237f2a4568acc66d5,1
ee68488fd880515398e9f621dc0b11ce,1
bd0a58f0f1bdb1ad96c68208e1319bbb,1
9dfa2fbcc0c79bd666658eebc789a3a0,1
cede7f63559123b9e4dd266821bd32eb,1
d3a6aacbfa2c7f3eb8e4492f02f3e558,1
181b8dbabfc5ef3323feb1c86debb466,1
78bc6962800ea72774a77b5c2b8bb38b,1
63345f57cd6d660972ee6f27a9aa1864,1
3b34b73ee587dd34b6d4a17fa4eaa7ab,1
243cf61558c56b00c306252e8b0df750,1
2bfe71f418d9a07403081a4bd426c86a,1
363dda598e533f93ab7a0c5d0314a6aa,1
b0c0290eb446c5dbcbee0560b0f52c6d,1
d33c0bc5833e734957fb43d044f676ad,1
a74fc687b764cd11660eaaca3170914b,1
964120cf725a8da3c8f09ec53b0ba60b,1
46948540a485c206c13d63595977d9c6,1
818e58e7ae48e26857663cef681c4275,1
81273e3bdb2691e559495769df02e7cd,1
05bf553a5c72baddebecd9248658a6d9,1
9a51ac6629d87360f51b2af6170b8f3e,1
446b5fa6d4222d666b5b99c4a7108807,1
1285957e7c400cdf27c02d9ebf059fa0,1
1c2e19e1d07594ab64fcebe8d7ff87c0,1
22fce5a1be7704ad59dac58b5d681c79,1
ad48be6d116753cb71d51f2412022dbc,1
c22129c9130dab36ac3d3a050aaf0160,1
89e228d649b55b6a61c47c6c93d06e63,1
c083f2f1890d79ce2abe52f52296f326,1
5f745df11bea44f7edd8796f0147882b,1
7efc02da2ac7ffeebd63b3b9f7a9883e,1
d38a5c5f039e4ff26f4309548b7c231e,1
614ab728263a963b0d9e43d3f5090881,1
2b9fe0ad7693b45c954f43533f4258ea,2
45296fabbbb8f117d1354b7708618b2d,1
6f6e1581c0fa7afa390c08ae9bfcb69b,1
f889db1d5227c057e2237e019a6f60ee,1
74088c365998d19cf0711460dfb341ca,1
19072582769b00cde97e51aa1793ce5c,1
9268924666280d9c8fb21fa4a504c031,1
4b0e503c78f734fb9d2613c9e2f7467b,2
a69b83d87b4ffc9428b9c2e1b7c5cc7d,1
2be43cd68a3d56472efcde2382574e65,1
2bdc6fa8a83d57ac925a606fe77bc35f,1
47fe24490a7a78641aea1f333143ed30,2
e3e33849eb94ac6a2e96499c07e5dc8b,1
b70ca0c09b52c55ceb1b80b9bddbc669,1
ecbeae0b8ea48ab7c4bc13f1796770f9,1
b29501ca0a57465182d95d7d0ac7214a,1
a7b11ff008faae3aba182cc7ba43cc3e,1
3614d7fd15b37a891df9125a7442a53c,2
c074cc95cd82e25854958761124c7a61,1
eeeed9f4406f6e7faa3c9c85ad7a6efd,1
35c95d99a8c570df63292fc08567d69b,1
051c68e67f36046e12a588a4542a6d01,1
f16d7e4ee032762fdf177c4fa4850b6e,1
2f41d30c2e2b6987237ee214fde27fd8,1
bec131b09eb92f049d15cc5963226c01,1
7726894dd976371df51b48c5a5ed2ff6,1
e474988782e440b5eb1c973ccd3fb8c3,1
65a2fb0e4b855722b0336fc9e1bec536,1
f1d589e59771f8ea38a9d0edc30c2d5e,2
766fa4eb96bcd5179291cb1f00cd1abd,1
d9d459a459ad4556e6cc18d45a07b936,1
66ba3929084c8b867305b5121b371b22,1
76e689972c4636955962e173aea7fcf1,1
7fc400d5c66bfb9f31ee11a0faa323af,1
a9711fe8b946b23e035939609d36cabd,1
dcede9323d70ca0a2c267a4e0601d55b,1
ee531a22a3900b1e314f13cba9eef943,1
980aa017ad23e1fbe1c13a5403e9ffda,1
d623300e14beb100cebebd93f40aa14d,1
639f1363b77f61ea6ae5c64798bfd69e,1
032088567d30d4c67e8832fe939c91c3,1
82b0496320ee97c23f738f6f54404f7e,1
50809634418f65834383ca66ae76511b,1
7aea05cb4f202f043deb0e2c16461ec5,1
1da8b9ac0884192bd13d90daab892262,1
6afe02445982f1796326f7ca73221d9c,1
0e8f16163f976a8c90c245747bf81613,1
16d718264bc5d040f51fc42bd72ffb77,1
fdc52b98953e5a52a9f956ab308e5c39,1
fb3ad8d8b16c7d61a60845979aea78f2,1
8ebdfccafe0a5d8b3a6590d9f0047bf7,1
45ea52e13df20cdc2f8d8870b1bc27aa,2
dfd288f0745725bf0573c6ffa981fbe4,1
00fe5ff0f52f92a6be73d8d69501764a,1
1e30cf31d46db1316a2d0c42a7fe3420,1
3368a11ad46c12baa9fbda1f0ab7ca60,1
6665d9e9d24553cc4e80b1aa86ecdd16,1
1f0898913c48ccf5cd7416b4ab5afd0b,1
1ca4f59d920ce15841dfca1a7a611a8e,1
a5fe2960d24fbdb15b7cb8bda2168e62,10
b73b6c3f6e6a7a28e55e1d87272f05e4,2
8eff643803d686733e352c25c6657e6b,1
816e751f2005834b3b351c22cb3ca72b,1
d0d0c9501ff7386672cc2569f0f6edd6,1
1fad420539cc2a289a68ac3b7ddaeb3f,1
117cf8be0975172a9355eb58317c35ef,1
f80fb0bfbb656b800ea47a84a7b3d209,1
c2f9bb32ca0592abc6018db2a0012512,1
23fd6cdb6fc748ea6e51646f84360f88,1
c9ef79802e8f9149a992349c78550f31,1
d7c4c2e2d71cd5ee6d02b8e1f7863cfd,1
0f74930ba96ecab0923e218410751cfd,1
5304ea855572d71e4e05634233a0eeaa,1
7a91b36acf1be124e83e69e54d31bcb9,5
0d76d9e04920b230d396dd4d996bb336,1
3bfb091b9b2990652c28545c6d82feca,1
1d7d765715b07ab6e67b889b2e29f6ae,1
796ae50f1bf20adb53a1a1d09d86eb6b,1
284295aad0fed84b3a2733911a88355c,1
4152e2aaf0d8f635f65bc6258a6f3661,1
2cffb4162b3dffb531b33ec94027d5c0,1
a5240171eeb94900c3ccb89721229378,1
2a48979f2410351c41559f9cadb3b960,1
c86e7c89ff150bc3590cba4003e70bd9,1
89a67aeec904ee79f7a08f4541a1e2a5,2
93e3496e2d7b4835d75d5fc8f2d51fe2,2
f85334b4944fd16650ad479753398c80,1
b26e872450483f0115ed467d7f391302,1
8957e08873a5953903f7d3f67825325c,1
ea379982beacbba9f768b41bb2f61416,1
4f483cf69ea3471c4f1fc3dc29faa5bf,1
bae7e42b93e0f1bb3120d5734f2db4d2,1
9dc186a6befeec7afe6990d407b238f9,1
7d15c04667737bf67a4c60f157ac9ce1,1
0b70963a8298fe606038425839e79b59,1
6927669db8771fcc639edffca7432748,1
adc7b77f4139118100d60329aaff8c67,1
07b6659504abfd5a6aa2df6f6a8b56c9,1
2b06012af4295641e46044648e18bb9a,1
d2067406b11d9c92e93a3edf9fcab23a,1
47bb977089b890d49aa3df8a827f688d,1
add37e41f7bf89c216f055ded79410b1,1
daac7b2f4d8dfaf5c0a80497f69ade3c,1
0f4176937f4e431bfb2635ddf7ac2d9b,1
a79b14b149b54d412b55fddd0616cb63,1
56967785d495cdb83666c3139bb4028f,1
a0830aa694576d878af6f047e7d019da,1
715fbb544543404033fd80c3a717193c,1
1b67270815bafd65c89d1cf3ae569974,1
bf8b571f46a43ccec84970ef3cb9a2b2,1
b5cd66506692b0e8f02f3bfb5a33f26e,1
f150bdfd219b279b983a3862051b2835,1
c36f2c0cd87c1ee56d7bcea073715d92,1
8ec250cc05e48244c9f5e00ba743d425,2
1a19da1b846c2708aa42749cc34d0192,2
f361de673baa4220a22f9a923fc1b69c,1
117f2111b7e89a2c5c18e2acdce2da01,1
805f4047be5606bba8924b8293131032,1
de487ad877f28e68dece2b0ef992d22c,1
87f7650ec23dc5be3b4b522210671489,1
212b97bf683d03eea765dd5dc3083508,2
85c3e81a34c2ed1f606794f56157eb30,1
443aab98fae581b9eb5227eaab82dd0a,1
9f2b3a87af73b744c08e28a63de3d98f,1
7105169d12c2511420e2cc76864ec67e,1
88c979bc8ba35ff7dda70e6ddc0c9e32,1
7a45cdeb30d784f2c07a92431386267c,1
920f1b54a11335c4dd7d7fd4a4460cfa,1
9a9fe89d6239c418a5269e7f6559ef99,1
9283a7aeb5ef8f52e19f73d1a64efc69,1
009b3f2dbf037cc20325da7d93f34950,3
bca408a915a9dc3e36d5ab000046d6b7,2
4a276fedac545cf6e73477ae6aa3ac21,1
1d0fcddda61505504199f05a0db0a688,1
af02e5f8cee255bcfb71389c9dc10eea,1
87c0ecc59930698a1d5dfc10ab8da637,1
99eb9047e29b9cecbbac0b4a920ca442,1
34234862a8a5a3fddcfa6c13068d7017,1
428b36bb2e363303b6aaeeae2731423c,1
f353fb92692bd89a96a6688717007ffc,1
35cc454babf715cd31fbff2961eaad9b,1
d805f817abe6b2479875e7fdfe3eb1e1,2
3b693db20b49641e13e93eb96446f9c9,1
c9ff3a5f74fa222833b173c195e5b516,1
a6c93cc5fe278ffb013320f216262353,1
f6fa99a7a0bd5d3ed860f9295e0c57aa,1
439dc7fd74b3a3dee41ccbad10cdbbf0,1
01c488f2287142f2233881ba329d1458,1
781e00c3dd6234070666024ac83c6110,1
fc2697d235f6246d765156f9ab96cfd3,2
a3a0a0897dd9238664bd9632974f1210,2
cbbf3e955dd86e9452aba1892b227833,1
3809cfc987ceefdb56f4e930b35f905c,1
c9c244777cf4ac149c2f22b8eea461bb,1
27c9ae8492618aa22440bec042d94fa8,1
1013fd15204a82a0640663a91a0179e9,1
f24512a44c22d8e94f9e17f82b1ab5a6,2
508a1b09b114cbe366bd5a378b17cba1,1
bdeaa09014049473eb52d621f3ed3cfe,1
3aa1ef739c422f86d111fd1c4a78e4bf,1
5b5364412736bf10f8bd809f4eab0cd1,1
92f03c5a808d13b6c4888597943ade69,1
af34836fc4644aa9edabcc48203321eb,1
84598964b278b177ac44e10e231e0283,1
6251bc46c68e59b68fe9de417b467cb2,2
aa251a402506d31196b7203a06f5751e,1
fbea9e8b811c7b91771cf069a8d72d13,1
75121e3a9c11af668e7602b76f208818,1
4d9f0ad0c123396a85ce325b644b5012,1
22794c5d26b5e41778619e83bbbab30a,1
eb9fbd8506b3b9afd965e2c71c542aad,1
21bede1f76410e49a015b9a9a715fd34,1
4c50a33e5c951a9360d971296e871133,1
9f465edbaeeeb53b780e8cdc44dc84f3,2
0a76ff969cf21b639d42215f0f4d0193,1
c6ed3919e19fc407f8660024b2da82b3,1
89985e29422c3ddc98038825fabc4966,2
d3314089466873e5933291ce70b43147,1
b2c454c51e6b797947230a45a912fbad,2
0ddebd96b51c9a2a9a53e4e5ab7bf0c4,1
6b9461c6db2c9f66d945363097af4b5d,1
77a1fba179fc9c90b11b2087bd2863bd,1
0d3e1e071560a2d09758b70bf4bc5210,1
041254aaf67cedf8a2f7e05e9407e6c4,1
0f292a64bd7ffad53aad89f2a64816e9,1
090146e0eee4c0ac1702dcaffa4e5de1,2
35c1c5ca3443cf6332d014115841aaf8,1
e3c66d3c4e1596d878e0129b6db4a355,1
05060c759bddf24e6971a86f719a8d0a,3
fa8d134c8946a36f82cd8a2b57cda8f6,1
429027f30fabfdb8c0edcb410459d87c,1
e29858ae6e2e93b40f57bc8f92f511f4,1
da1d44c07e31c0e6879cd7565770a4f1,1
46e6c6a182d4315ffe344240b4a9a31c,2
bd6692da9e46a24674868893af1e6c6c,1
63ec760a565fde2899b551fa32a86b60,3
d9589c7fa72badb00ae1d3f655dfe78a,2
2f54afd83eb314d16733262da57e0c36,1
97718a282eea1b842440f8a32d291bc8,1
634909892767ad24e0d378703f45282b,1
850697efd2f8b7463cadc55f7ba51a53,1
fc69e5c9d01a0cf84276384f6a4c26f1,1
613a3c11ae229b59c16de19c2588671e,1
eb31c67f5efcf999ec93d99829916a9c,1
0eda902906302bd2e0d984ca83e52623,1
6f3ec95008dc483444d96efc7b10460c,1
9dfef3d19907bcaa9fe564149318be08,1
11f6b0be04dadd2a6b9aa5efe37f1f22,1
883359302bdbe378861396047b2d6afd,1
b36293a9c8d8c6bb4ccb9e1563c0be9b,5
0f1b52207d5ef5b5ae6228539616992c,1
f9590ae4f2548bda364e290781d72752,1
bf9485b296b8a6d601a35975cd969a1d,1
15214db3543d39e0f8b59372936e30b0,1
749b066735ced51568cbadd058be1b3f,2
e7d6d92c0ebb953ccc5b943b57bb3730,1
951d270cbef659f33bc8db49df495cb1,1
2f85be7de668a8b612b8c6b496aab361,1
32c43aa02753b4f63a4189081788ac59,1
72efbca6dd8e32fbf73ffddf9d548ee2,1
34559d0da875d0b9138a8ec48cbfa57e,1
029e01c7f8a3f86533114e9ea192e03e,1
993b398891ea0c0d2a6f1ac2a3b75f16,1
2362d3e2f42c5f3e8c4a4f8d45938c59,1
8f487ee9e42bdd35cc7ddb5b9087888a,1
7e8a81f586c5a0afe646f4acb6484a09,1
6ef4623e8fba15415634fa02f7395562,1
5cd6023d4b75ba7a5cf252dd61711a03,1
f4c77bb1696a2ec108b2606b755b3516,1
b12a3da034d4433d0f4600c1054579e7,1
b6688e6b22e0c8b6f88c18bc3a468233,1
72d40ba049cdd43f768ef388606d0e86,1
bee6632f77417d0b097470cd01b835df,1
9cf4540c319bb368ead5af424a6a5684,1
e9241b413df2a5cfb47e8282aa8bc827,1
5af19e83d62d1570aaf681bffa633c74,1
af3838cf10285e4d6603397dbfe4a005,1
5c4eb5f3f9b543f9147bbe84648f42a2,1
a473cc9bb0b256e48c332c1afe6cc922,1
ccd8ed31660b3ec20a1a487404257dc1,1
af665bbcc12cd830d3396264c5d91d3e,1
780afa87ff4ef995abd01063be90f0aa,1
93f3846580f9d3fc22c13ba211cd0c2d,1
10b31803a64ddf72a6c6b389999396d8,1
7f48aca8da0ae228fa366fa2e8653326,1
07de55b4fdf2ecaff6a446cc8353570b,1
fdab7328fcf089ef7f0d98307fa706e4,1
7ab6d29ea5dc5ff1b7af569b3a447dea,1
861ceca2d4357d6282a649400bd02523,1
99fd29a519f62fe7ca9a78e71e0e6a42,1
6f26e9fc67494b0488b70877d14e23f2,1
93a6f1440ce1e06206f50df3b71de497,2
c1e8ceea8def1ce8639ba87e624ba9dc,2
de3556778fd779c966a309012741d6b6,1
5280fa0ad8f7a54c7b579f74c7a6e23c,1
43b26e077132cd7dd85031c80afaa08d,11
655c3f58e6614edf1a43aa8294994879,1
84141aa53569e161ae3a88ae8689228f,1
83e0c2001fae3c17d5c4ee4ff055f6d2,1
3ebdbd1b0a89d290fe8b8e42c4757698,2
abc70b8f11a2042cfc8357795b06195d,1
e27024fe66cc123d45232e32a0f35f8a,1
bf0896c9a607964cb6399e778f75bb0f,1
1bbbccf914bcf1f94f9aff979c3cbd29,1
52e381df7b63f438f2ed3c985afe7b8a,1
3a020839667c60ad6e718b6a5634ce8b,2
5caa176a2c38e52cca7dea7ff04325b2,1
89ce9ed9af0982c62bbc3a68368b79b3,2
ff53315ed609906c1d62db57ae14496b,1
57b5210ace9456d492872331ec0925b5,1
754580d1fb8f400873360a969d6da699,1
8b3478cf1c6a1e6a482882bd5299979c,1
686c2786f10e7410314a60f9f2e2c402,1
26f31362e93bed66d4ff00ecf6870c11,1
47eee461ad56eb90ecabccc147b74a7e,1
95d8286f12ef37da62cf6fc3b4fc8499,1
65ab7f3335b0663bbc0da85b1e927ff7,1
a5e673135c9bae5d9033030ff84f5143,1
a08381738ad8dcfc12e550a546077559,2
e2a5dde0aaeae605788f19344aefd16b,1
644ca3aab1f6b7d272174406ee905206,2
4ffe556fda8774729c4b4189523662de,1
87187bd70ec5e0922a47adbef88205b2,1
fc603e2289c879dee323762dc6d9f3d2,1
c0f920e6dbef9f7af245b58e5986bd95,1
d5c385528f34deb4421edfb155106d91,1
e0da13a91d9de5a057db4a6fb5c93856,1
d9ca5302d1d51ae21792b59d84e0c809,1
41742ea6007c297cfd6f72a8ff1d51e9,1
9ffc6a487c3a2474aa80bcb82e3aefb0,1
4c1c3c345fadd8f44039c26efba0e0d3,1
5745da399454187a19b6eff5fb4d59d0,1
bb728149479fa9dce7823367a14102b9,1
dc302396fd0afeb8cd0f19fc1dfb9b9b,1
06e0e9f56ffbe659e7c14d2f82a937ea,1
7529e4b5b5c0e34f72d8ecbd8b474cb3,1
d1a7acb9981d14b1d64341e9f61d4057,1
85d34181f116d2a2d0c5e7daec37fe46,2
8a1b18aa710afdb5ab46e3a69ff0cc3f,2
07fff610349259e84feb5a58106df335,1
0a3a3b17a3f3b2cebeb27abf57aca497,2
58008d5454d6991cea49f44a0c7db4bb,1
52eee86fe54ad3e8c1bf74c1c4aee346,1
500369af4e19206f356417950e78c221,3
ac5b1cbea2753782df7a983d27740b1b,1
dad40c6969930ed6a6fdea2b49f6823a,1
082ad47a89ad5d2a8528a0a87e0c5bf4,1
259b5ddc7a7f4c3dff8814376670f106,1
1bf0eb2c27399c52eafeed47508213e5,1
34fc90f428f0b0c7cc93c7431f47ff7c,1
c6441a7f57c44cceeaaf56086336309e,1
6a5f81b7211639daa3708a6b24836fcb,1
004f31d48ffc3bfac6ca283be74ecfcb,1
00c9da03cc40c7da37047698c34fb2f2,2
e50e489ad2f47612d6d36486b4c4b04e,1
c1d324d5f05c3e2feafe564736721bb2,1
1ceeefd33653590de682e2af164e19c6,1
5f3a6fea1098520a7d13f8d9d40ddea3,1
8cdcaccf93423913df3f4b21684b0a48,2
519fdb17e67d9d64e12fa26fbf5dc776,2
c219e31404b0d2be47055e2740cae17b,1
9dd26b7de3b62a3ade245f8cffbbb707,1
3d7dfc343f7b372afb5131669a2df151,1
87023ba6ba626fe1937cb2b51c6c754b,1
1ad4052e2f1b3608eb91482f33da955c,1
61d431f350b412e84d8540e4c1c1abe0,1
6583575c7c22e4734ad90e7f1373e714,1
ee17b78a5f66e74834d3302661f5c255,1
d3b24472a9daa43a25ac05521fddee54,1
71f00135c3b280f9709eb0dd24b025b7,1
369b17ef8025620e5bf4bd9d208e841e,1
0d89f1af2227598d615c705eb87531f2,1
e468201d25339cf6da46a55cf52d6f08,2
aa6f2b14005bbacfe43de99017acd032,1
19e21f47e6289afa23eb4e055e0d6fc6,1
e3a8320b73a20a7852a0efc02c4528c9,1
777559d454344992ed968ff14ba79581,1
2656bb61144ef05df01f3d2b7e39a462,2
a6ab41d4af8e3383a8828cbfac776a7f,1
5edf2989de372786058734e4a55c8855,1
b9eab011423fb2d94f8e0342d60806cf,1
7459184fd612986419a8e9ec0d159f48,1
9d1372b742fe0aead305e8ac8032da1a,1
da2dc6d69bb212d0848535953bf4c0fc,1
48657a1373fdd1a48b2e8ba3bee3c96e,4
977df5050add8d8fc23bdebb6b7c59c1,1
09feebaacd943eb523e70d62b8dcd9a8,2
95aefae53a060eeac46557a1066baec0,2
e409ec6b281b0d8930e6034cc2c6bb74,1
cfbf7baf7eec18e557f18df3745a25d7,1
a9499070b993c1480446ef0af4e61ab7,1
b08aec8039b87280ab0c83b35444ca50,1
27f10e8c647f5580d5080e69acdda998,1
26f7e39290c2f23b088ed5cdb98952ce,1
5cb53e1015537d2d500cadd2259a4f7e,1
c305075e10cb28564fc79310c234c4fc,1
eb3013e27d150c140996ecc365c93537,1
a992fb63e7212ca175aca265a105545e,1
4314c8d0244cefc1b3d4b9fb4be9a2ee,2
8e1de0098ab7a5847389fe31e4c2e334,1
68aa2d337aa840e7f0fcb739db39d073,1
816e451ab9dffe5292b1bb10e0043202,2
61f460f5f4d55a3e94b409f15e066658,1
f0afc9c10ee8a43c0732e9c5db61f447,1
f8c13591676d532faa3c94e2457102a2,1
17c791d22112350f09cbb7c0c8baa1cb,1
6d988b7222023c855882af070ef3e9f5,1
35c59b589e506cc1a1af2e75a7ef4f97,1
cf53c5b9a18b76de0941de2c11a7462b,1
80372b8d396bc42dddfa2a2c2e78a665,1
406c8d858352f74ba4b25d4beda967a9,1
c2ff83d82920daaf55be95e7bda50a3f,1
65b2b8ef5d1278a466d4218b4619fc2b,1
4c2be6980f2849a80b3fa494c04b33f2,1
c0c6b951174804a2bfb0dfb6eb3a6107,1
1477461b12dd2d1a1bffef01a852f53d,1
9d6f73edbefc1487792e20094819e46d,1
740f2e9cfcf40a94ea5964daf8b243ad,1
1815d3cfb392b95ac2da4fd273b6569b,2
5c2fc5a8cfc274a507393073273ef218,1
01293f569b1982f582acd24f4ad8c494,1
ece3968498599a937906f87db02cd49f,2
93f293c82d403e860fd14bd68705b967,1
4726787329169884b3c25a088544b4fd,1
217628a7e408fa41e0ae9ea3be44d3da,1
a779c5f5c861178af92de0ca88c8086f,1
e4dfb87a20003c0807b4551c65bfb08b,1
297a7aadf9a1a9cad812f461623db033,1
1e322070b1ff72ba70c07387c3a26062,1
a7d48eb502332c227ebe29516fb76a8f,1
59a072c85341c43228e9640a4a9e804b,1
5db7a96015c25556dbc8b40c096c689f,2
d3336cbb77d2341c4ee59f1e00a50122,1
396f71be81dbd91115bbf66acffd20f3,1
e781784ba631b87fe67d8007febf7f59,1
66eebda197f80d282f22a7684e9bcbe3,1
ee01c96cc664f64fa59955b269d82833,1
89006769eb847fbeb289ed0f66d0c7a9,1
d3a445130df44f0f65258ddf405d7fdb,1
4ac30fca21cb0dcdd913e960ab94e1f9,1
5c189ead1f42eb14eacea42777d6447e,1
dd637ef681d7e23ad80d964c0fe51bc2,1
aec43561f0083eed682d6acf038403c4,2
3449aa8b814d5a96462ebca8413c4240,1
fd694be69ab86d370ec3b9b2b22333c3,2
95dcdfa504ec5d48bcddb1bdd7bf1dd9,1
ad177d1a6e56c86c60773c05b162d5e0,1
81c0160b1f5c8f2ed27b7a9be64827e2,2
7db0bd4f251a10d7faab7eee106f0276,1
560edb74da06404d54758846323ab6c5,1
97677825af5efab5070193cea4860f75,1
aee75c1ad52ee1b9d7dd50ceca051954,2
c106c5b22f8614375461b5cf8076ed00,3
cbff3c8d435bdac69b997b14ff63fca2,1
8f37588fff1723b69a13a8ea05cc5f5e,1
9022f720543d451581d399f8584f6d89,1
14642110e440b9544a2535763621649c,1
c3cc9d9e5f5afd117b9ef7a43819a79e,1
a287bc1258871e8fc8d930c2fcfd7542,1
890b1747dc49ea971c99e110b2009246,1
9eea7d0f037f61ade705b0d13d9c7e47,2
514237cf9e94412b71bd042223fdbc1f,2
7b12d1f33d3f8c949c561bd3bedcee90,1
dea21cf83932d94d7360eb8376af4baa,1
0accca32a20fc878c325bcc7c33b57fc,1
8ca5b41c33c66dc89474a27f461e44c5,4
c78fe5e59e9c4af6ab8b60ad76c437a5,1
515db5262f4e22905586a18a1e078050,1
01b0801d4e407e66bbba7c229b24f262,1
74089c5c0e4b051cb2b8ad1acce49ede,1
414a13cffc5a3e4c6596da1cbd4e3f92,1
26eb3c807904389fefc879e5b2303a6d,1
322ad283e47e1b8f3ed934d32f08cdf3,1
1fcdf0a0752f0449af6ffa42b14e95d2,1
30760bae09176e016f1448d1efc7de41,1
49ee756cc99279f488a825bd32bd1c61,1
c52f2c94e695558c012c653d69da15ce,1
b257ded69fa00f746ff650857bd79122,1
3cc8fc7eb0ce272f73d399fd5a753a0a,1
f8eda920299058cba27bb81fa61cb230,1
e19441c6b892f79580e854e616847d28,1
17904b620ecedc239e605002a50af3ec,1
2a5811f9e3f12478f73f14a26a590a47,1
6185e7cd43ca8298a0102bb4dbc621b7,1
31087b9a1acbe8e3cdd91d148845a35c,1
ba0d95e1ca3a272dd99d2f52aae869c3,1
a7a808b7cd2f3758bdbb85696ccbf702,1
261857d96ae3793090b8c698b01097c4,2
052496c0030538c86148d609b5033f77,1
8a6ee73c1a02635d92bcbf7e532e1b09,1
0e7aa7ef55603016e996a0c4b2df18cc,1
7e673b54d0acefb39fdc9ad0a5de79b2,1
82640fb6556ee0921915f516c980101a,1
620d46856091d91b22be58dfe0d168bb,1
41bf5a170e5dbc2056d1eee7a41440b4,1
6adf5296b2f6a0529d1851bd1cece5c8,2
87f09f0c829e75ab485fff05096174a9,1
bd768b33fab3eec4636cb1d81ffafda7,2
0f0fa5c552453b6965cc78cab6e35b21,1
7804506de61538c85df1f40b85ee7ac8,1
fa54c7e493159abf9d68ffac9ab9068b,1
497a0f2c185dd8e26624be00f3f7e803,1
ad2f07a2cb3766c15c9d155cdfceff67,1
4bcef5301e75af3bf0a3095ca9b81850,1
b9d821b8df38fc7a449cac74e44efd79,1
bd90f3791a70c4844304a4ec24a8c116,1
7d34e4dcd8b50467b8ecaf395c2080eb,1
02a1ec66f1bb1678e73d14fad3e074b8,1
325c3521ec0d681ca4b91e0366190910,1
bb420424e9fdeb32f904c9a4492292f7,1
d84e78dc2993c46c56f4be8f36540beb,5
0a1199465e795775fd2c04688a550bf1,2
498f930c459a6adaa30180e01893f370,1
a7e89d83d7d579ab9bd1398ff8b4982c,1
6230b6ff9259673a35837b8face0bd45,1
9f8689b02cbad2b5fadc9b91fa08b9f5,2
e0f138f695c859280d0bc2a7e491f90e,1
dbf460223490cdb6ec229caded92f6c8,7
a9b0d4152a44e702e834656ff9fad2a1,1
59a4644cf5d852c1e165b7154bef6dcb,2
5a72818fdcc3d2eeb290fbe0cb32fbcf,2
fe0d9a731074f21d0f856f9077ec6026,1
ae5dd10aeb8545ea12dc6186d4a34c3e,1
6059fe1fa57a359086e5ca63ffa7bea5,1
43ebaea3df8125967dbbbac186bf851d,1
2d93ef8d487afdf8049435c955642144,1
e3b08219ec837a11dd94ea06ee1b8f92,6
57f343eb3d7383927bfde83eb8505f07,1
fcd9fda36aad1038ca9a09659a412020,1
452c77737763780131ad4267e232c254,1
789e7a0008853d750f733d6d68aeaaa9,1
aed067f22e21ebcf893bd5c077e9bedd,13
00b4e838686e186152c971127cec6a7c,1
164d178c7244345bb2b1d430c833e865,1
c02f1e8dc239221cbdb1ecc5e7e7c307,1
edc3205e9cf1e2bccbe739ade67958b3,1
f484bcde14c48ab6ff2caba8ec1305ec,1
938e8b69b41aa548e16f46f1f9926e1f,2
6ff5b3b50276121fb09a01f4e6659a44,1
e6b823a695456448070e45bee2898ccf,1
3c2b9eb3f4ac939131d462192c5ef037,1
35c64a88304c2e614aa7d23b1515c921,1
a52b0921664dc88b4eeba1b63ede6e99,1
201f8a3d5b0c747da4f166bf6a9b55d7,1
a44bb7533c6aeece1dac61e78dd16c3b,1
d363b2dca5b2d8623f6d45e948593117,1
fcd01ab8bbe46f15a0cc09d2020c9279,2
9deb7268303bda7de539106560281d6a,1
c638df778c78612cf99b7a902f4b3b3a,1
642f7571da6e9ecbb96c820495cc5571,1
77fd94a5c6c369a0226a8cc934930163,1
7dadaae30636e6ace9896d0dcd34e0f1,1
f68a132515370169a0db7ba643029b23,1
17d201ae93094494fb6b3dacca10d82a,1
b9226f5ebaaf65d31b4c37b0d5742afe,1
eb5f9f6bcbc89a10804c8d4500be24f5,1
5656f490672b94f23e1c9cad069ae8ce,1
ab7d23b6dbed28416c0ea7ac2b0e5725,1
4182550514a115f3cdf9c51a2de5d6f3,1
1b4147de0368678c17b376252acbf37c,1
7235098f28e4d47999a12282f5e33621,1
e9527323e916e7efd689191cc8935a62,1
2f9b2714b4a7177fc51a45527f34d173,2
b3904b8fdf75b75538b751c84126b920,1
7b45151ffecfd527f4f7d4d7f3670d07,2
9eaaebb3a9d5d6b2d0f7f0b5246b3bfa,1
313fd022ec21661235c261035791e9c2,1
f3951104a4ca258409bcebf421d303ad,1
7bc24b967d0d0c700fe4ee4fcb04b141,1
91871c82930e95d972324d43cd455295,1
dc1a8a1a9308d3e8f64e4819a25de1d3,1
35eb3e3ed2b5105feb3493e67f50efed,1
3193aa6949f03984b4caa1e0ca80ed03,1
1d3a53ffc02ae1f73dd27720cdb6ba7e,1
8c7ee6ef249d59530fd73b8044bd69ba,1
2fb73a8b24c08f4c69394d739d03e565,1
948fc74ec1f00122340fc253ef9ec5cd,2
6590ee5a247ec8d0781dda37153aeed1,2
4bfcadbf13a563fbf6f53b791ee62f6f,1
d0c13d5a0a086b09aa8556021b29420d,1
c0682ae235415d700ad1ddae751dc2c3,1
77d28a58fc870122f92db12d724ef8d9,1
c2d70acdc10414f184f94795cba4a969,1
22f0bb2f1a2495c4abd27a00e98e9318,1
35d3e047357ccfc9d960b8f705730ebc,1
982db301a4fc32255750a85edb7c9cb3,1
d3da3bad4cc934c3c8a541f27c8f945d,1
7f2d0c740a3e80d0a6ebb3172896b154,1
61a88be7973c0b19feb1a3811d43305e,1
bdae90c3cb0232c1aedaaa1af84962c3,1
e6ada0b10ece18169b88099790559894,1
179ca1cc318fa2e3c8195a6b17703deb,1
0fc21e12caffa7fff3d7ae4bdac07976,1
550315b6f62842300ae0f43ea383fd74,1
454b6027bc2fbc56538dce1af1efdb00,1
132b6313e18d17a1a6bfd0e82b2738b3,1
e21ae65caeb933d0aad3dfff323e17d4,2
f6739e84f9a54a03f4b4784a2d7ff13f,1
e2f8dd69ad175d027f6492767e3e3793,1
0a099289a1c037bb0adae2cc556e2e84,1
bdc2e0829423b066b80997e9e3952338,1
d5cfc7c496f550ddbcef72cbef7ab74f,1
dd81806aba7134a5657c037d66431a28,1
2dc6dbfff3409017f67110a3eda40c1a,1
69c5f36814ed7319135b14372caa486b,1
b564c63df3b27242e8011f0abc305918,1
28865cee19b2de901c33a1ca244c7320,1
c88c3e5765f4e9f3667a654bbb54453a,1
693f0bcded39b7c94cf34e8222ea0527,1
23fb1841d36665dd0c5757d90fba53de,1
b9a7490e8fb5db8458bd68672c867113,1
4d1ea1801359fe550b8b69019127c83a,3
dc2de6b008da9a01f7662cfbf9c61132,1
0638698dd3bc6197911d8da434017691,1
20712c1cfef9c9fa1b296f8a481f1dfb,1
6065795e11640480c4008449e35c8178,1
3d4c6e324758740384ea986f3421f28c,1
ad7a441e250b28d9111d89b93d1d51df,1
ce5707a98d57bd6288feb28f054162c5,1
0d4f01487c1f68052c2d351757bd2b83,1
d268003598a09aafee06959d22ffb7f7,1
374c51768bd9281d354382b13c2b80fa,3
807ef8326cb919eaa835a21af8228096,1
13737e7d4f1701913d6c518610f37ee6,1
4be156ad0844592b1ed7696e6419816c,1
66c25c81ad0401a87fe03c17b036bb8f,1
ad6866f35c5a888c9b74d8abc4469ba8,1
eac3cde61310012ab2a1855f9346f567,1
1e4ca022a41bd4b75007169d10d5faa5,1
8c528839bd4ebfcbe8f50023d5ad8456,1
54348a90591000946f9e4d7eb4d6489a,1
c31c615e652840f47455d25d7340b1bb,1
324df487f9a6c57a090aa911ac6f38c0,1
7494013c327d58e77dd161c984e52139,1
08ea8d801f2640ae04c66354587ea1e6,1
69a148e773b31d0d10f4a859138bb627,2
7877b0a924db5b527e06fcbc81de6f39,1
213fb050a711f0dd3039dbb88cd1de6e,1
3259723f4d702929e6de1b3fbec97c65,1
3e2082295215f36a7dfd82061b5e602c,1
19e7a403d8b9f7075a8d80886ddda65c,1
17e9becb82276f27f2200af8ad4e7ea1,1
92ac9163bc314d905f59a1e5bb2e5210,1
c13f23504a57639233e55bc506135748,1
cc6fbc3c11781fa9afbe5961209ffc15,1
689fe07accaaa4bb3252d035d39a43f9,2
51c99d0c08ee1b8e97ca9554432e70e6,1
93f00d9b03296ee55202d49081a4a97b,1
10684d140c339f3d588018f6302a9920,1
7768ea53015397758c9ecc745f11601f,1
a5b6ceb67d7e42bf3c8380cf41e50e6a,1
cb1001b61c1f7ade42028ffb211927c4,1
a8cd2503ffb226a4d864a500e8e499e6,1
8af96d6480d94bab36581da491450196,1
948ca1dbf8b5867a095084b7c5d7894a,1
88ba23e724e90bf390250d0d36405d9d,1
0f59683f5ad10d4ccfbd63347e4d374c,1
936935cefaff4037f13f6da4c836c13a,1
11176dbd53423e3b82d3de9a6ff3e5a4,1
5b3c92fae139ed7e5a07c56c41913141,2
1f8f06b934ef1bd2fd1c343fb7d30cd9,2
092edb06cb5c7f6d3f3c2311a2458d57,1
feec6dfa166e0181370775244d25b63f,1
02f6288dcfa8deff5b7e6842796c87c8,1
a6d9e6561a066d2f1a8be824050a408f,1
07aa56b1e6d539defb6ece7707fc99ca,1
e2a7428a6242ab03a2fdb31025cd67b0,1
21fcbc9563cfb5e023227ed4b4c8d460,4
c1e8d788af26a8c14366df13fdf25fc0,1
1258915e0c45aa9172c3a266722acbed,1
bebffc84e1ba79e4378e28f3988146c2,1
6217eb341a7a19e4e829a04ceb44679f,1
6edbba6411bb73b7ef1ddb85d5393280,1
6983eaf6347d4fcd7dc7e8fb6ea77f24,1
f62aae8534ae05ace4db4a2b0fe994ac,1
6fd59acac46d8740a6ea4a3b58bfde17,1
c9512d3238761413e7f326cd8bd39acf,1
b499303719ff833f34ae5d1aec8e8b53,1
7230eacd59398a843d5a690e66dd9e04,1
c248a8213b833a9efbe7b69f1dabeb5c,1
dd28613ec16bb9da1cb82312c71533dc,1
af5db60dcec4f78c801368afa187b847,1
8d527a2da22c6fc3da446060e699048a,1
254220fd6495e68e27cc1cd0b72eb610,1
d9280ab1088d52a2854226f4b2d241ef,2
2a95a230ca48d071862fe9bd4ad482e9,1
6d64172da8b4ea119c933adc4d0440b6,1
bb91004b3f15c03c29e19653c158c10f,1
709e796e34a21629f5d956b2ffc1ebaa,3
d4a913335a8ed9b71a98015788145dd7,1
cc987f34fba1ddad59e1894a2afe7c18,1
4706a33554af4426ec29c548f41ecbe9,2
a3bcb16b1e951f6968e50c5914519bb1,1
b0388a7f1954297eab4fb28b64d16634,1
6e6385e9033705d13eda2e310854524c,1
722ca9265b06a1f271872e549ee230f9,1
3789f30e6c63106c4a78e9db19480f2d,1
e65aa5927fa59e8cbe4af54955d7c1fb,1
3caf146ccb3214f2f584aa73e4cb0ee3,1
ed0e8bbb64b214cc0f396c1647682be3,1
6bce02c048907bbd41d6a33dc6fc5a2c,1
a4de4d1f3c3f2d5ebd49b143c1c2e65e,2
2f670961668ac5199b0f53682a1a889f,1
df4b06ee2d1407868f99ca4259f4aa71,1
095e0492d173e60c2229b661a2a6e603,2
26c4d46e53204819f7994f6f71f48edc,1
0cffebe1d2e4901a09713a50cf2c07bb,1
a9763cafe0596a7a347662d5afe6f919,1
0049e1e3bc94370a676346608eaa49a6,1
d3a25305e71986b24cd04bc36dbc7365,1
64a5bdb27610ee830e58f01142b51c0b,1
f3e351f9fb03fcc3654b040e8e027fd5,1
497085967a0c144392eba9c23b6017fc,1
b85327f8e85b984dae9ccf6e57cba556,1
520bf661299b16ed99b9f6dd5998c9d3,1
aa14486105ee41f9b9f730e227b6f07b,1
615d0a069e18519abadaa2e82c8ba423,1
377feeb5f233ecc02e59b7e6cb9efeb6,1
0b0530638a975ce25ee63c7e1c17dd82,1
8c07858f19da008cce8fd94da78390fa,1
17d6b2b08a7c96b78805b822907bb086,1
4967da702361c0a68869a47523acd8f3,6
261ddf82896c654d87a8adb270de347c,1
a036f647ca329a04f4071b3f95a201c0,1
375d82741070d6b3e2be1eab4bc24423,1
8a8c2c90072f1f73cfe520ac1ab36478,2
09ceed600312f5f34a78eb58927d5990,1
56030bb96b4fefb1f41b2ea11dbfe8e6,1
9f631e976666f45e0cc1330de59b8ed8,1
1fb2562f7b724d6201701239573e821c,1
3cbce9ebfa17d529e1ae5d250e5f5292,1
7a99d2a1e0796e2112cb299d63a38a04,1
7e01178cf1047180da30a62998b9d5b9,1
7fd1974d4ff689acf1faf4d829c91e26,1
4a8fb5e400b579146d0dc5dd832b9311,1
0cfe59e170c219901bbc7a55705553a7,2
e3674763a7aae1973d1990395989b9c5,1
f8b7b990a6adde90510f1ccd19a92d9b,1
c27b7cd98e0431c3a65fe2e9a549e19c,1
2baed9e4e45f4c57edca4f898dd7573f,1
3cab3fefe591b5567e2192992f4fed24,2
b59d74d462903eb561d25410ec6b2f1c,1
bc051176d08cdc8028d70e0cefb2a692,1
ad7c39f951346389a7008112c8e6ca60,1
d050521aefff3275640a7b232f2db62f,1
32aa62eca00319774307f39238cf9ae3,1
e5f9047657c0fc1226f9f2f8025cfc01,1
4f843746bb4e6c2ec1a203c41c68086a,1
d484e59cb9200cb09d1cff63fbf27def,1
be7148d9ff7ff8a8a7c76256663436d1,1
bdd36c23d76f38867d60ca47e69d9b46,1
66fd8ca23c074cf2c528b7e23b3abd4a,1
482c022c4104f0744ed4effa73e45253,1
92d1ab48b1cef2c3d194c292afd5d815,1
87d142f5a273abebd00ab1b95da657eb,1
