entname,is_justice_creditaic
5431d98cb972a508c563290bfd914e5e,1
d62e8f711b3965bf02f9d006cb2c85c2,1
0c578bbdab104ef5ca26314c3251bf5f,1
9e5240e4142e91acf7893f744bc98d71,1
9dccb1fa1b480ec3d682fd15eb8d633a,1
0cc76c3cdb99c37440524e426a33ba2f,1
b97b790642d64e49581730d321dd787c,1
453e145c2cc4f3ae08cf114a19ac8746,1
740d8e11a2072712208b2b9f1ef066c7,1
3ae409449254f842ce41cd5013767d3a,1
574237ba4e2f4017d6d8e7dd665df7a6,1
4717d2f26bb6bddd5cac264c7f65a5ac,1
cf91cb78d46bbdc5d7b8329e49db2c1f,1
dcd150e6eea746f772df0c9afb64556d,1
b043ff076de027a3d42fdb12066678be,1
b500429e509ca66322cc946b58c1da2e,1
9c3eb8bd4ec9f985a96b946344584d15,1
01de28726d46d0be71cd92734f50be21,1
a7fdab5c16e2b6f9ad19482ead61e832,1
238291de7a8beeefebb91828ce27e618,1
c79e913aee9fe65f8419ee6d68c592c7,1
662cef4551a517e5f09f08fbfb9c89cf,1
8e12b28fd6e159e7355b9573f3b0dad6,1
e1b5bf7481d919732c71043dc60bf97f,1
392348dee21df5214851ea3f434943d8,1
3f50af36361683e4f5892dc1f325fcb6,1
ef57d93c6cac6d347ab867c48ca728d2,1
55b0ea9b391a3fe82dd4f77c9cac8130,1
bb82bc32bd2f80f7ae1397343ee59ea1,1
08b739453b87cdf5ea16db22a074c7a0,1
4791f2ad8099add141f8abe32ee80689,1
c9e900763070e3f1792aeb815db0fd47,1
b7cca1d6bdbf718448eb95fcaa3d21e2,1
fea4c19a575c77512054e14eac9c4fab,1
17564ebcd4780887092b93bce6e0db42,1
e3780f0b2ac96cf7945461183e9f2705,1
e6465a31a4146720a693b40ac6066d79,1
87885300a3f3128ec39148424777435a,1
e63fdea27737183ed65089253d20387f,1
21ea4cccf59759d89d1900161ab4eef8,1
d60aefabf398cd73ea3a54b63359dcce,1
4e5da3af6206edeccad0be60b04c3916,1
