entname,qcwynum
eb069359873e96b166b0a9fc29b92f65,6
122a969ae5a223e501ff1bcc30f9990a,18
6093327e9f555eb5927abaafb5593563,2
c2f7db536b1b96817a2438a9e465a38d,1
97e7699ad3bba44e71b5e922c7c67f98,3
9628838f30f1addc305d6526ce4bcb64,3
b17c687c51499b4a9949dbd2f12dccce,2
4460ce9d6a759f890a7aab658c1bfd9b,34
b328175f9c51f04040fbfa6cfa452eb3,4
f32fe3a761f090776148dc6d42c8bd65,7
e2d0d5063c5ddd1046ec0c1732b7d3ec,89
6f8ec4cacc95ebc3c88bf4fe4898356d,2
0529d03d8bb2a2cf1f90119ab530780f,8
0c91661e71f277a1de75327303835641,24
6eba1db4c8e35e6354233483f056bc37,3
23c31817ed06afab1bc47d0d189fef40,1
3612319481ef9f2edaabc470b65e8336,5
de0cab5afa4f522bca01156eba79c0ca,8
8d2868be9420182844530f799e61787c,19
4784b4aa3b7b2b0d469059e048d568e0,5
06f7dc52674a8dac52939c8efbdaec0e,5
7b84a0237e1506b3fe903c819d55cc90,5
3990aec5a41830992df5375b21cb416d,3
60ff0c9f72a9431649cb6c6bd63f3846,1
80149462ffe039dafd87ae62c8ff1547,24
b45978ad2eda23cfe6893b7cfae42d95,7
0db4a1882c429df4715451d6e56ee79e,1
f954fe3326f187cfb2a2138185eaa9bc,8
01db323b50b4c89e3105a31472d87926,23
b0c8743216b905e5f5d2b3f4a808729c,3
3bfa066e41c86aafb9f540471ab86564,5
02ada9c7affe1853059797a1009224b2,14
d6bbc11b812c82304a12aa216de245f2,2
05f326bc442574bde4f4903ed76ab083,5
8a0472e92d5b3b1907410a0cd53b75fa,12
52aa98e07b36fc28d96a073365bb7053,2
24bac5a723bd1a7c991c8b3762a91d82,20
6068a60079a2cec6e1fcbe8cbb13175b,11
e27b5ee79778898e51ef0ef7498562b5,6
b67cd28f221da966e1e47e22dc1a3d97,6
15b02b9b09cd645b36b126a5b63f0147,15
d61785c1b8d529186d6648bf2f6a64c9,2
5f899301868a9b597b6fe8eb3fb26c78,8
d27483929c1cf565ebd55c5742beb75a,27
dd2050e39da33628055866a4a1ddbbf6,2
257978c3b18b06bf9db4d768cf1456f1,9
98d502886769352f67c3c35e7702fe84,1
61c66ed32cc83e1185b63ebe90f43ec0,5
69464db39091dc970a3ea4af8df4cfa0,16
ec8c1bb75a199015058d6880eaadaa46,11
460b63ca8f13fa6646a4c88f578b6d10,402
62f856d24ee8c1cf548d70d83c88f882,30
cb66fc88c49f0f02ec8accd8591e359b,2
f70fdfc028ea7e9f042f8af78701e345,5
88c71ee08a160ce97a66f1b669d94cb8,27
ee7b168261546f104822c76f0de007eb,6
1771783f14a42d20869df88fd079ffb3,16
fcce2cf0ec9b76a27d754446b6ddb498,24
b7b0f4e0fd7421fe95fda230f762687b,11
16ef19c7a80389a972f9121db0f9c0d6,3
1e72ca9a69e24473768c6d92d2448f3c,5
582bd75de8f86554983444ebccdbb678,2
e703e0d75125662d8297c31a7af17c51,5
c6b1d42c53b3e872693223aff895db6a,11
7fa1b419fbe2cd1268425d291ffa121d,26
c5e9e5ce4ab029856362772f5b1ac63d,1
4450f3260d65144ed3bd6c429c19215d,4
468bfebb985f7993e2e91e03811267b0,19
a1ebb0136fcbff525e206873af38af0f,7
7a0d822dcfe55a3a498f65887eda0697,29
a7ba4fbb1f4326540960a1fcfeb79676,24
92fc1fc2c4523cb8a3ab79d903c7eb6c,10
570adecd1c32b5dddf5ee7074a4fb725,10
a83c62230e95cae19538956300a09b06,33
9fa14fe3de2190a19950b40ed3e92b8c,12
2f9d11e73c8ec62cbecd700875825cbf,19
c53f5e2022eb363857cedc64ed9f6c52,3
2490fd0b3f7a8fd521e9e54cde17f917,7
818eaf68b17f3da57005f8950d05d7ad,18
629fca3d33170cc00b973f67aa7c8f83,1
d7e6a7e77a935946efa1fdd8cd85dab6,19
858c9cf9a6a59ad05d3fa4a0bb67486b,13
49d078e2bc2c3211422a6eadc462678d,95
7524cb0b4d660857a23a541635ecb129,2
cef04dd60fdc887815e3f20aa7adb610,10
64d674571a570824cb4f75ec5d47bf41,13
2a682c169d5aef1865c9d94847cc7a47,11
a737d171bcb74bdd0d03a89d131df442,1
176d2d981324ba7f690c7f9ae31eac6f,5
f2712f6c1ea8383263f5bc2a584d9fc7,9
7c3b5786a1c9d9213807ddcca623e1da,37
08567e88771400d56ce01d5b86218afd,10
3ffe9d14e2dc244b15a168f3b47df9ff,5
996fcf5e155f7d3e30cdd3e0c0ec4378,12
f5c4aac76d2c5b48d0fec8d0eedb13d6,31
be6397e4bac225d457657515134fe134,4
907f7fbf271287bda12a9bc5d5a0eeed,55
b986118a82a9b58086b8810ac5fee462,84
1a8af11a83dc79604c8ae23040f9f495,15
2f76a4547d6cb36745793b614b90d4b9,8
e9185c3fca156a4e2a0f183339f65eff,28
bedcf2ff7746c1031376b147927f8393,12
eca521dfb080f9e9c0fb8ec312c95159,2
b10358e0f466504aaaa8c47d5aaaf8ea,27
ccdc364d284797f9ada2a596b0859240,16
fb7d9f1039d460fcd2d9c28914627055,2
d9e015be5efa0cec44274906ef661caa,4
ac0370cfd720b9eedd97dd3144b02ebc,8
83ea6927cfada086db5a7d6eadf614e9,4
ec929875c603a0f22f14571bafdd348f,30
34d25f878a779e2ed0dacb2f9a08942a,35
8e36366bbc0a01cbf6b635dac93a3106,16
90379b76a333a9f0075840f06e61538a,18
66295676140b3a7b61469600a0658a6c,9
10bee72281794859e386d3e8c8ae700a,8
3c149c3862fa43d090a92d654c600a24,43
1a672ce315d9d0845dd6ddfb01d32f11,59
2f112a99b226e40f51417bc4ac6ff223,4
e5cd2fb14f39f1ea252ad1650516f375,3
bb2e1d670ce2f90e698e47bdf666aa63,1
3600fa3df8013f430615b033b882a4ca,9
6013ff33d3047fb8fb485f9d5240018f,31
7684fe99072000c51e010dc216d8ad9a,14
97c4f06380ec6a4c0d41b2d67188906a,10
a926463ebe33e85408ad992adf47e1bd,4
53b176909777d1a87761c7e192209f06,24
e0760dbd0fbbf83fb394ed6fcca52b0d,5
201b7f56ec9257b8200c61ad0c7cd64c,10
84250410fc1c185a173f774e723e9229,3
23167225771247d080801a1c681035fb,2
d4974ef969033af7301efbba7295de0c,12
bcdd0daebf221ccbb8c5c944802fdfc5,4
e161230d827204463fe97dc23d6892de,14
0b7977f924800e3698bac394f66ef190,16
e5e5e55403cbcbc156db849897d92a26,15
5d1f79453c31fcab9daf877179142f7a,4
b14bf3a79f94292d1aebb1b4a27bc112,10
15d7b0733b658f3071dd06eb412a22df,13
cb65d83262770d776cc03ecc617487cf,2
98b4d70a528ae008f3b5a1c63b1fb413,52
6628cfca87ea5afc84b36f59d55c3513,26
19d283c5a31a7c35dcf7ee4f6ab3e740,11
c667b942a392cfb2c8abdc0533cc5730,11
fdc5f9d60076ad9706fc7daf9bc641be,5
f402465280c0f51dfa5605df84692687,19
fe777f34dec68882932e4b76dec7a508,38
21c3b16447b3353f96234fa837f0e1d6,5
b7aaa0e724ed9ec580c5eafdf7a703c1,18
9e3e2f6e4122ba2b8bac28719e0f18b6,45
71f3291e3d2ce0634e9eaab8dfcdbec8,30
75b33425b54a1461479a4ec263bf1e54,4
e3df6010d521f08ed929987b723381c8,63
576bdb3e9ce0925c174af84cbfc9e5b0,50
ea590ddd0e51b38e7d21ab76f0b69757,22
381695993c2e76392e98130f80ca217e,12
1a2ccb18a8dce5d96c090e4abf71ad25,19
ae2ef77d5061c8f4fd68d2512d0aec0d,15
a73b2a08fc63014290c59f81bab047ab,2
15818074d3277d4b3ded8b70e4748dcc,4
916ff55b59fe2c9fab9e9867d4c45dcb,18
42995e829b5bf1d285605bf6db3d8b8d,18
4001a452b3ce83fad051302c57468cdc,12
521d240d60457e9b6d77d8c291f9cadc,33
f2e9582d3ac9b5390be1a166d35e47de,11
4dbdf60fbfb54364d18ab85abb74b02f,12
0fba271113edf26dd0f1a88916c51b67,30
4f9a3a5e399fc1b998c8646b8e81719c,9
f71b5fcfb870ed207ea0609f73436010,8
9cee34bd1ed2b2c3cf3bc239c85c5db1,71
a9b30f72c23abab6e2595048d2cea1e9,16
0cfb2edb9a45ece09f183e1210cf2c34,19
a7c8eefe550a3466b296f25783e18c33,51
bb3cd08f350fbdba50b63f7a1bdc3e7c,7
e16f34708ada39b0447f8416ef1bbc74,22
57ded732243a2300511018df9545b051,31
89a12bde08cd7a62c08e94bea0b1a893,12
dc79e136338487f98fa9b19af2cb353f,101
300ae377e7ebe8d4f7f9b5d96e16b098,53
9ba714459a2967bd1db3ebb2adad55f1,2
b3dccb80159bf8f495e6627b620612ad,64
952adff23df5ec81f195624351e0fa4d,96
bc03e7ef307e3b9bf5ebacf71bca183d,31
f38558babb8171c8310d527ce2eb5b49,33
68d5eba129960598efb267b836320484,12
57c2aed6f6a217ac7886c76f80d72f7b,9
5cf9522e8ce412689a82742b9fc279ef,56
cc66ff3c3b19df80dae4115f7db32334,41
d9722ddc80420e0c8263866256cdcf79,15
d6d85f25e632619b3592075753f7993e,19
d860d748cd87f28109d2d9608f99ccf7,20
edb740a25192660bed47de5817eec5f9,22
fa288d51e60abaa289b6950c4a3711f4,38
66f1a7fe1eb765217da468961fe2336e,10
9a5efb9c41ac8b2cc2c9b4dbec0e680d,9
bba90db7e010ded73e2e658574d81222,35
484f30295c747e6d4692c9a2faf2d5e9,9
a2620a226fb3636cc5e741b751e072ae,26
bd9a5e4a64e957a81fcfbb6cee382b1a,25
ab6d481e6ed8df35a97ab49f2d9808b0,21
6c26a61fc28f4ca852900d174cc2a1ef,15
2923f8edda9cd06668a912b61a3ab96f,14
fbcfaff3691c1a9fb821918c0397e8b7,32
cad73996e50b0eaa407b2089ee15a226,30
8b12872e381509e55d812f39a9b3f19c,23
10048f72005a7bc3001739c5b6f354d2,10
2c4375411de5edd11bc1a4e40cef2c66,7
1ae2bebd2e8411fd437a2ee65f1d2190,11
473bdee045bb130fa248eedf17785914,2
e9f7d72f952053fa3761895f2865fda7,10
23474ba23d66b658af7b500cb9792307,15
fcd46c5d29c130ab7a4d4fd93c53980b,17
7f50cf942ae457940a78a670462375e6,3
840e7fb95f3b425e2c6ad6b23d3951cc,3
e3030c56bd6ade30c2540686c46d591a,2
856bb584312693aaf55f16412ec490c1,12
51ed43ed11a149dc44d6ef33c7d717a0,13
875d7bcfd183f4cde2d4b0c2610b1f83,8
a7f062f3e11b3a4e9c63cc9cf1508019,8
bb83e2c9bcd342255f3985f0dc78b171,4
0162f18039088e992c2e37148b07f8a8,7
6571e0062f8993ae3ce7322fcb43b1c1,3
c3ce8fc8e499e79e1efcbddd71f32454,5
bd673e2f58599d60c13919d41f99dd1f,20
b1f3b279352af855265fb1341a467f4c,1
6ab9c6b592438246bd27aa6fc742df58,2
ec49253f415eeaf2234f3b4c171beeef,1
959bb25ed5b005c768892af81015845e,2
64637a270f442c7cfa17b7aaeb068838,1
8631b5a8378f682210510bbfccfdb530,4
d485ce7e2f5e10cda7b194e9cee81d4a,4
6cf019975cef88ad12efb7e4a3883c32,20
479c5f0033b4f0c7c1440c07c762da4c,5
360cc742a2facf70f9c435fcce3ccd64,15
a32803d3fedc16b9e60b493ff05db09a,3
012d8021a1fda5c2e1881eb28bd53642,6
e21224fe43766dfced783b151a1abf52,51
0253df85f339727915323ae1d65865f5,8
29c68f6e7e7b7d85c8c4ec1e884338fc,15
e4a57738b9cfc049859f174c3f364b59,15
fb5340bdf42a60e7d96dc07ed9e3732e,1
50e753183cc90dc06497954f0b04472f,1
bfcde7eb7ade46bb1fcb76beab90d4c6,3
c575133851917037d050d75e2136c70e,1
b7c32ccbfe45cd3e6ed674c15e578244,4
56aafc9e35ea67d89028636634e939b0,12
dc174688a31dda50b77d60291908d7d9,11
2fbec87ab3812834f61d6224094132d2,16
46c9d7fc0e897bb40bc127b2a4211d59,5
aa44bcab2ebb72c08c3dbcadd4953dbc,2
7cddce1317dac78e08054ea83139a71e,8
270cb985f34bf0afdba9e4411cd304e4,14
ca0f29bce8ce96de6bf96efcad5fea1b,1
8259581da5155eef44361cbf0825c5ba,20
2641ecdbf12dc5591981c5429c73b9f2,7
845f31d68ebf0c1e96db4d6971b72f0e,4
23f9a54090390138b97b942b5fcfc9c7,11
6613b9da7967f0ab8b26a4e496a777cb,7
297f8c85d485c39f197bfce6e27c71c3,16
91d06ca563dc82b505546cb71c42962f,6
18450a511183cc7a606440ffcbe502af,5
a354222a30d6196884540c48eeb65161,10
aee6eefefeb3ed6f3c6d6b0eb7c6c825,3
32d4380fd148eab70b4c57a52d614539,3
14e258e7a7dcf63c152d8734b5f69a78,4
2976463f6f84c2d5eef1770eae0ec773,17
4dced63681099bd71fc2fe651b4b3e50,3
3dad42874351cba042e72ef00d157c1b,10
e3168ce6ec3f38f0cab8a66dae41f841,1
95550e468c919f7e8630d858217b1466,35
bfcf370860644dcbcffc3a4df4d5e9f7,10
ab5f5d9dceb730a3d775acd1fa3f4d93,3
6219953f712fba82fefe36221d4236bd,7
1508e0c641c18351f5c441e0214af839,4
b6a657e8fcc698acfc29b463d5d0dc16,5
ca850cc827a680b2466c92da891ef617,6
5dfd9f65514ee301a20a7c66f41c382e,2
cefe08a514397d3223dacbbffe456179,7
c8cf40a3fd32d6ad6d52a6f186594972,14
c82dcdbab90da673712453ef1316b7a3,33
9cd0676c4c8cb444b6624c5436865057,4
f0ef2dc1804cc50518080f383e2e986e,53
c75e0e77e8c6fcaf36f2c82e0b33a4a2,14
eb498185d57c4652a25cf998476248db,6
58594c20620f3415b6ed4ef6836fe9c7,4
e2680d5bfd5ebcd5e047059783ae6729,3
12ea2ec6f5e4103492469918ab337ac4,3
03f2b324ed05d2b6efabb2dbc73f6ae1,4
9ca65fe3eb9a43e81bc0b6b1a99d933c,7
3a7d29fa88ee1d8709af216a8aa84ed6,3
bb4269059faeca7405ae668daa719c10,1
365aeeb282c36070e17da505bc54d137,6
bf2c55338fa19bde5a2ad858f48c9839,21
dbf731ce270a2c1d48ec2f79fa812a73,6
9bed5570cb340227ca117c96e57a6fc0,57
4784498acf954f4da2acae442e72a1d1,2
abed23ee63f3f9556bc9880145059795,7
78a78aa36d1210d9d9cf49e0d4007d9b,19
2b447c32a43403f9e62f6a46e2f312f4,5
c3d46fcbbb31f6a6837e7712d154e1ee,2
cd6702873199a7b927922e3676c635e6,6
cd49351a404962188723de787937ab6a,6
1c4937e8bad0a835feb517b56d5138b0,13
346a8acf3f0d8c5283311f69e350c890,3
cd642a01da7b8d957da27de192929701,5
c740b73cf9a1547cd23384d05c37044e,8
8ea040d5fd3d26c7c415b44f0647de0c,2
06be0da394bbaf3e97d565c3ad635877,7
107e28c0b7a74f614b666f9d073197a4,10
00d051ed8cc06f9800e5f3c98f09f58a,4
76a3cb1baa97aca4de40a6f0d102d202,10
c68c19fff5509f984228e44c7254aa9a,7
f8d8c595901ecb8fb33b545c3f9883f4,4
3dbfaa1c859c34201068d2c1c467c06b,19
4de28e3773eaffc0670c0c73757e6091,5
5ff809075c03722d21f2c496b1fe7037,4
141d6e5c3128045761e81def41b94368,30
38cc68e8955830bd0b8254b666b250af,7
ad23870d742fefe8cbc27df7b5a0bfff,7
dade99bd65e8467ea7150225fdc9f6e3,217
e6543973b932044523889bc2ec66a906,29
8eb2c2841f92ac60b12a74cf1a928240,14
38c8631c2369148f4ebb69397ee821f0,23
a90e9c3778faf347dbb4ba666abaf5bf,21
9e9d59c1a577eebb7b307adbb9df835d,9
0304cbee195834bbfe5f85e6c95e80ec,6
255120fe1feac5d172ad1635cb6a183c,2
6ce632e5926ed31ca8c102ca89f8e4cc,4
2c4d436c23ea61ba01ee3244b7e5cad7,1
7b321e9af798d416b1177591e4b5db39,6
9fae0206971e402c5a2ea70614ccb2d8,10
ce7666c91c2ff956b3d942c7cabc85d9,3
7015d77d32aa7b8a24b29cabf0a0df4f,27
d1318b1a298e11df76e9eebf3dd40e99,8
9125a5a4e914b74b28801b3c0ee2b22a,6
ab25d3d1153628745afdfbddd2190a9f,8
6c7f72b99cf0dd3e51f0038b2381ac76,4
602dad5c19a2ba81e6347bd82feef4ae,49
beb203524baf42f4d9427a05c9f58665,34
1be37f503c50b6cfca86a65d0b7413ef,9
b03da2bd64020b8b25405c67f7586bb2,19
02d43229080ff748eb5d94701fa60aab,55
229a92f7b207a2e50ef896e8c1bad854,35
84344b238c5ee6cda2f58a19530ddcf0,46
06c69f406dd0e6b152a84f7b9449dc6b,7
2233d4c2bcb0b947786b4f52ab1f3918,13
cdea60eeb52bdd8cdba2f79868a61002,12
de6db17db041337656c5c54af59b1bfe,155
95ef716dbb3c92ab227a548e8128d6df,21
392d8fd12fd1acd8a1b73d914e835679,3
6a1a5a161ae9ea0c5dc233f5677aedf0,27
0c7895e82807c9b63df58937e7eb562a,9
01fc360d349f717152a7d433833f99f6,17
7f7d86213afa570cdd005eb379f03829,6
a67addbad78bd4d657fd5a64c6499cfb,12
191d33ac90541e6a7a15aa62bae4fe75,32
16742bce1ba401eb0660d0774c14b51a,4
d682a9b4c32494c9dad7ddec33cacb47,6
45d9ee8374412be7c590e56d445d5c00,11
cd003b1fc7cd0a11d2348911cffe0875,24
0d69b186c187790ee34ff03062108ba8,43
5fc881338fa7689e86932484333a4c7e,70
5ee5b4ff9946bd1821e65855c05fcf22,6
37d6b88318a6ab3e09a8a1eee5e338d7,6
ef0f333b804b669adb3ed2c5ba2ff27a,7
b47b1c9ff4048188b44132aceb52cfd7,6
8598270790f7818181ee6d7e895ee187,6
da1a4e734d56c17ead804f30e951955f,8
a7b230ebe93069e85930296c39d7611a,2
ba3a8e3e971d2d3af382fd81143cb04d,43
23c17b3b6142e7ee70c5fdac00f008f2,8
46b86d0e0cf9ab063588ddabc904c522,18
601537e5e3c828c9f4f1690f50af883a,20
5f9adc3a819b0e31fd06e3bb47e90334,9
12b294be61d41826254156e742fc07bf,10
030526a31ddd4279aecaf85b19f4fea6,18
e9562566b833c35a8ac5ffd4d56b6b80,16
32c512f544487bef38e54eaffe92c2d8,5
a2996f30cb73c98c806a4f41fec2eacd,27
e80e60988eb1bec62c117f4012aa5aa0,4
1c6158bf08bbcf8a9f9bb91229cb24b3,28
c81c94d2ba693cda17775421228ab43e,4
d955434963bb7a334b17253d57380f3b,22
cd009a71de28c71aa9601fa05bf99280,124
a0c0407b365820294c2d310b030a70f8,18
776797de2922f5b238c356101a40e76e,12
1bf514106000aec6ed45eab5cdda82c7,13
16fabfa5c6f6d172ce526c93cd57e8eb,134
3c7c6f6bb720cb691a2c1b9745a4e668,29
417fcf932e6dc9866bd8bd30dcbc9a07,48
c9d97c381a56ae5a61d127cde86a2adb,6
9ed15fc506f66912393d833fba5b5c12,89
aa60ded59c59d6210a319dab046184e4,16
deda54f4a5df777199393196bbcc55a2,43
74118cd1f6f7badcced6ffb116504269,46
94165fdd958dae97b42c0ba0e9ec9f2e,2
010f094cd0ae1865c1b246102375dc89,42
245b44b2e22951011a43bb876b585c25,43
9c6db893967c8de60561b4fd8885f56b,4
768a79100782ace08c31bc0aac8b47a3,20
1ef155c3c1d368a254d1226e7a6ec742,102
f362c47168dcb8bdea8e2b82e0c84096,11
fa8aa19bd498b4b24d9bd65405ba2024,10
ce7a66ebf940f304e17bb1ae82b2a65b,35
9aa220511c49ab024fce07092fb19788,12
33d5e7a5963c31c87748f9088c8e1066,26
3c88ce30fdce7f707b2c51d9fd0166f9,6
e4ad231ff1b0d8738a932e7f88b2b5a3,20
9860932bc06dbeda4b978f0e25aab7f5,29
34c0a7c98ca7dbc4c4581d7711e70da5,38
8f6a6438eb1657ee4a3dd5592f189515,20
49e839acfea1a02ac2ab6fc692246ec0,79
640bcf40c1bd16ffb9385b24fe147588,137
84d1bab69a242b91de40f43ff3f8be49,13
fdf17dd5c8adc2c2eb2532e058e76484,35
82294419ff27c373973a7d0a472f61af,49
e5e704e2008aa996a37a479d2dcd5272,6
9976dfc4de5df46c4d7212831a101177,30
b359f35c0f9f3c9bcac83b7f639d06c8,29
ba5efee93c0e2fec3578429dff5fcbb5,16
553ede5ff2b59623a30255b5f14a9913,15
aa9dbfd085cf4374ae269a2bf638ee65,15
bed62ae62d2587c54d96ce5e1748eaa4,79
2a2bbe0274f9b95841166ee3e4b3444d,14
6a63ec4545e4fc4b88dce3aef8379a2a,17
7a85babb04c3881f10092a8678762d33,8
74102bf2d4425cbad170d3c1b43c7415,16
983d4cae46ea613d7dff58190af52a28,28
9f218cd78b74859f0e3ba3ad40697149,23
25232f3f899b3f633e434a277f0bf935,25
6ef95c121dfbcd4a74a09359d825560e,44
0031343d9d706da484a825c1897a4617,27
28688ce39d6103d0c512575fc807f1e5,5
bb19cfc2d2f1d0b840034a0e262543aa,8
40f49b1bdb72126f65cd0ff7a4d0cdb7,10
49b60b91349f5c98a7d5302c64547844,21
849b9f51083d2c5c72da82e9fac82f9d,15
c3df171b9f2fc96edbfc2c426d215602,21
d425e480709f96b575e98f693640975b,19
e739833c3d3672c540f28850212c5a13,9
775f36677033f65673555890c6df5aee,13
b15d0e10817d46b8981f1434cdbba17f,28
fb06c927de46874c2c0cce2d3a0e79d4,19
5cee703cca3d79e2dee985766c2dcff6,21
bb94065879792b96583d62a46dccbdfd,22
1984d01ac2ea37753c76a02f3d554a27,7
406f6a23f76cadaa5697eb6a1a6894bb,19
9960319a7a518ab5142033a21faf4e6f,19
18c11cd5a6ae49231b5d87c167e51ad8,15
8d1c61764c76f5301bed9f215eba4d39,10
88461256ee476713847a10d1de5a8b2b,11
48d0d816c2879b143bc6916fa5c144bc,11
c6d9ba9cda7bfe73140ea456675b87b6,1
f6a6e9a05f03ddf0eae8d38e1bc0536b,27
a8846173adf28439afa6b2085d9f5424,16
3c57d8d0fb90540ea19212ec63bf470d,11
19b2efdc196618f7aba28b2958c48b49,6
ec4d55e73bb1d56018271114f4112455,9
d60117056ee1ce3cae02a6b0b3a32430,4
9e2074b3df2f8f927caa3d75591a2772,10
b7d7343e3a58d42bbc587af106821c58,3
6c6a9d0bd26ab818dca40e91ad8e2f7f,18
8988081ab2f78dede0ae0205b62ee64d,14
85d6b1b1139e68412eca6e41c038f083,13
44b05eb61b56e775b383d08745efdb71,9
6b56781fce8f444397f7dd15ade25e88,2
a09ed46251290e62c01df0adbd6c917e,9
2240de18af5bddb6e6a8129652fcfc03,2
b99538d8fceabb0662d31d1457a3b2c0,5
5646dfccb550fe7d177f8b9e17e7a122,4
d9e50fe45668d6ab02da0230a84ae6e0,7
624576022226724286d5f8af21a5bbe2,7
16caf84edbb1fd588a31cf24ef897e52,4
09bb1c9615ece493da58003021614491,6
f1213bdeadf7750d01d4f273f899477f,3
09d919862218a496243296e841314d5e,3
a62dbe3d4cd2ad80e2b602d528bca594,4
d3b1b95295dee922fe47a192561dfd5d,2
ea41914d7b6a79da6d1739a209d4eefb,4
3d7a782ed13aac39040bc1d838cacb1c,15
7d637b055df95a703ee847f5e3540777,19
0f827358a9cbb50079510751da21ca6a,2
73dcd367a38767ec261d0d62945525ea,5
db4a2d70a51d6385bc2f3f9c7c8f53cd,4
e77b9145b435871b6e927912a3544383,1
5cda796e9d487a6c2f85c395a1e47718,131
2110457adbda3d72b3d09d0c6197d059,8
c774ae58e9b34a44ca11e359bb48533b,3
9044197eb8c73fa87fbe781ee9c9869c,67
9cb9edec898ac84b7dc0e3252e5037ba,1
4aa8db3c241721f3dde53176815d4235,11
d4446d8783cd2f7a7dac8ca3626ccc1b,9
18ce932e2cb1ab6544a2efc0673e890e,4
0c7b71909de105a7e4085154fe74f0f4,7
47de2a0626d4ea12e90570a23e0097de,133
a1c50e8c392fe081578cc1e6b34679a7,1
44059b9c88408e909bc7e629f6b7424e,6
351020e297a8ba5a1e71467ab97639b7,4
bd2e975515860aa7d9ac8fc049ebd44a,33
a55e2316de7f9d84f21dee2b629b11cc,2
716febb9b15f880557a97418b0cfecba,8
f16b255bc74eabee4a9b74acd0d4e85e,6
c8c1ac657cd7cb8d95db9d728a564887,26
f98561820ed3f072691e2609ae4cb503,43
7c35c740435b387dae0057818fd13151,1
56a42138be222baf38f5dbfe8f5393a5,48
326dca20c6622cec4a117b1ccb893131,24
eaed5ed0f4db0516e20ecbe92e49c20a,4
b5721eeb0ba41b99002b8747294dabc8,2
b492e375ebde5ef111eca6296bcf0586,8
6f36acbd1152349dd270509b0424f223,106
cd86a14f8247104875338dbeec8ce176,10
8ae94993f7c6ec77e6a9ccc70203c67a,9
32b03c8568913fe31e2f05ad131fed65,1
5ded134d6f962a32a675b28388a891b0,3
af7b968f90f3c24ccd800cfee1e9be89,1
663ff6462cc64d61be99e9ed90dab964,1
76a6091c9a456c460a3706916692bdd9,4
9bcc61123c0deeabdf469b17a1deeaf1,2
2b0b1e50b93255c46cb2351f33d9b680,19
a72dfdfbc695fcebe0e441cbe5a65bbc,5
9ea4e5d58eea08dc49f47a0cf4a7e162,3
ec73c4c90ac66135588190616184da8d,4
5d1ae6b286fa818b73e6e97f12a71814,6
650461b4e4655bb637d5de6b242602e9,3
cbdcfdd388299e5cfd118fc79b02ed5b,2
d918c117b72ac2fdb2ba143ed6e35c64,10
508f442773a19eca02bcbabb5039f45b,13
1ca4f59d920ce15841dfca1a7a611a8e,14
465821d2996408a60d11d79608b881d3,4
8dc3592f07911f5e5484294578250d78,3
7f1e6669b30f35daafd63d74d0b8a4b0,17
c42dabaf5c91e62c84ccbead793a8402,6
78e31dd88941fc63f19dfc7d9a2a8909,50
1f1e6fd7885c7a530e0770e6e6868f06,4
018a61ce4e50a7c94efaa7842a84ceeb,21
c76999bd1e9c2ab37c582923a273e36f,2
4660965be686c4f6d1bcf95b1619845a,12
5f3581789d8c4a6306c7ea0c4b5e5fd2,43
2875455e717c1486a0089f33c6803bf3,26
9bc32754268ebefd239f6c4668700986,27
6dce5aeb60928099ab28390dc417222d,2
e6311f1b4ea898a3332729439f1e531b,29
87ef4c976aa6f910b56bb385d9f9481a,7
deab90b45aa7d23a52ec2d685b8af64d,8
f0411253eeb4216f07e7da024d289e09,16
8830b3dbf516f88d6964b041a3f33452,4
159afe10562fd1a1478724ddf5ec83c0,1
a1d05e37ec317228abdf2ce2a9d8bae6,2
f66e110541cb792c9060d211ab34ab47,7
d3bdc794421693074cc6e12e1d34a830,8
7a23a1186e725b4d8602f387f6e9fed5,8
c7a2240dedc76e090bea9f7b8f98370e,4
a7b8d9cff583d75f1b15db639fcf142d,7
6c501ed7f54b3ad8bfa4cee8e8f4191d,5
0b54ec0a42f4f1415d809f0ae11e66c3,81
529f0615b82a1d9dd0e903fa9b7f4187,8
f19478e1bdbb9292b39878f0251dae38,3
0f4a7e946be6aacf4054bfa1365d0d7a,1
dbf745e6ba8cbb5ce9b8e0c70ac1f923,5
7c1bc0062eabbc27ab1e3ee97b00729d,4
8f18ad7c1db3b94d50d0635cba7cc606,5
e538bde78673cdac3ec6f6bc1e90f526,24
e07b6e524a1e2825d55e2beed5ed5bba,3
cd79d27ec7f2b394b69aca1101686365,6
374efb4d718a774c3cdfb131b449257b,10
0de07983cf8c156561926e8f530dff75,32
c6ed3919e19fc407f8660024b2da82b3,2
ecc588e084a8bd06e4356a373bb5fec0,1
26336ef11ea992761873684aadd82402,9
c4baccae95312c3ccca54a1951e20dc9,1
462640f569181b3ff83fd8b05e067611,2
9580d72dc07165db22b7cac194d57eb7,94
e859d4d4dbd25004a01e88e62c11388c,2
77b6fe11689b99b99bbb333e19778f07,37
781eca9134a64b21ef12c6bc247e17e8,4
85c61e0cc2434942d1f390d17e33cd3b,5
9a2822557e0f39721ef3e6bafb56eb15,9
c3aa99e083c2d5e561885c5dc5214fe2,6
67bec2e5fbb06b5fe9069d6b92f08b44,7
f560a8633a1eb8de7a600406bb3d8fed,3
4248fe0e90778ade205c959177092a19,9
c99f309fd27bb19dc6745090d8a8404a,25
85de59e2ac2a57e3f633dce4f532e385,16
300c58fb4f0437e8c561e01c62657fdd,12
e23c40c8a86320b9044eea50865ed748,35
3bed1802277c3e3f4867bdbace7ed318,3
7eb035ef3c784b830cf2878454e3e4db,21
95989a7efebc8835c7baf0ccf6828214,9
ea73fbbebe956b0a958caef0b4bc0068,11
df4e998e96952a0ea0a968191ed62686,9
dad5bc04468da128bd877bdaa9b52856,25
e0c035cad452e7d2d5e9d3dd5cf11974,37
2ceb9b87721ec8e4722f103bce2ee42f,3
4c89aa40ec55c8bfab97439ca010067d,3
bc6c576dae9b0a5b28abbedb2e8530a1,15
cbbe3eb6922d5df24ba59b7e5afdb64f,33
f501ec1cdd1b0a738ad06576102c46d8,7
889c4a66627638021582d2a03dfaa2df,5
a177ca6b00f6c59a7580193b4125846c,108
fc9cd116de87d7935421c9b34d9b9f3c,18
0f0db64c4c0e55ddaa0150d004dcef24,37
927eeeeeaa2cc110f4549f0451b933a3,7
771fb14197afe931a5f31afc597ef68b,14
8485a41995f35038b3c2bf4f866d1f8f,5
f24dd7e2abc2b41d9e912366468fa6bd,15
2c4554fcd28fb9cef2c043e6133c8bc0,11
dd00725683df1017f33ae430be5066b3,1
375f9cd8e5db46498486843597a32702,11
29594a15f5bef6d1984023e9d6069a8a,47
e4cc864ebb9219b57873df44a1f9dfae,28
c335332710c9a729bfed34cb4acfeb98,5
93e3496e2d7b4835d75d5fc8f2d51fe2,27
8f1c65a6ab1dea098460d84bc13c5bdb,4
0dc61afd61f141308407d9960fdf43a9,7
5380a3d1ddfccaec8bdf32baa9d29800,11
40229c61652b2e189c6c8496b10af85f,4
14482ca5016d3a9446573123b937a5c6,3
a30f832e89a71d079e99b48aff8ec49e,18
86e22e77069b2b6e7902f77dce7e7d15,18
1d1d9e47fef8e220fa726d8e6a7f4e2f,24
a111c2ea637c0f2053d1d9fd33327b2f,30
18126e3dcb3610f4e403a7e9637ae879,4
1c34820a362f52acb24b17820c2671cf,4
e11edf4b0ec6821e4e379a782385af8a,6
17491c74637f27daa8960705f77a50d0,17
728ce15db97e7da1447de598184f22d2,9
a347c012a85c82f891d3a3a66aad32fe,20
0143ac0724f4b2a10b3d10e8bcec0894,53
5259d4fac8f2c5afe0459cb1554848bf,15
e878397dec2cdbce02d473d3291953c1,25
ff7a332dbd4309bc08bb4ec2427c6ec1,6
bfd64b267a86725a453b5414ace95a31,33
c2f1c160f94baa9603595ab6bdbf1c47,33
ec1ea67dee65ea66fd91ef2accda2cd1,35
e057e4872a8861689014f5cfabf7ebe5,28
33b06575304c31a42c2b2b5639fadb87,253
d0d2d3e2f11447dd7af9265931784c42,44
21cd70a9ca0205bb62249d38d7b01179,78
c6575ea3272c90eda7c17b706ebc221c,26
4e929491af766b3dd9aeadb5b2507e42,29
deea4f822e036f9bf676b2a37e06e77d,23
e194b5a8dc6b20ee7a4c28c4dbb19947,13
7d7dd447b30835c4f0e633bf09ee9c3d,23
65421159eca85664bbc4fdd709dd8b21,10
96f8449e3e882c1a6e899a58660fb7ae,22
b1b77d61151e53e3d82899bab4ea941e,9
9210395d6dbe882b893fd8e92970ecc9,10
b0c5a00ad5da6b1a3ac35cb2693d06ff,267
26f630d193a38fe7dc484ecaae67b322,28
78706640baa93a1ea647f03d3e639baf,22
891dc3ae561ff9b2caafc20ff86ae6cd,8
66006f74235ebb7415d074cade220484,9
a941db6c65a698a34e6d58bc2ee52b0e,51
aeb1870b4d4b30e1d67748cdc8f19084,66
c889005bf162c54606b7dd87c4c874d4,13
8c9c6e8c7f8ae5842f1d2eb70fd6ff5e,25
a97dc1b8a3fd2432a99fedea5b0915a5,16
b7a65a84aeb5b0c7d479b11f358e77c4,62
ae45975438f195443ce29e5457cbc7e5,19
bdf1f94a5cc52ffcd1541f6772447d8e,10
c8eb0662f7b8284179ad308ab5f95dce,15
42d83813664703a172a240ffd7e7a9ec,14
1e1b32a7cf85b169ae3196fbcfa5cb76,33
7e5802b57426ca4fcd3ece26093ec437,61
58c10948aa12e83857cb8d9395404313,9
e789e042cb2b796d0b95374405b086a9,19
c9e0338185013c53c4255deba68d86f4,30
b1186aab03c70865c1e013a16b744b76,15
f11e202c259b71f7b7bef63fdf15fca8,18
8f57923d433584a7b6c2cca74e213dde,12
389b0368e3ee43757d6fab1e33302bd5,9
5f1bc2ac22850855bad29f1311ea3af7,15
e18c31152deb6d2c47f62d3bcb277850,22
80a6815797535ab51cf61c138133c37e,16
5243ed9b95fae06280d15c410d96eead,10
a7f7b3b2aa607649769ae31734113a5a,20
729800fcca047afdbbf34c8077e3f062,18
071321f5dccb45f3eee1186efe5f58cb,44
fb325e147df9b751e7d20686a810929e,3
5b0a8d9619ed186e7b5d4ae7665b6043,17
d1667a3d169a227e38f6947262a95731,10
92cba552fd166820602aeb57c0e39f39,19
3f6b66446b2f69601f02dea03bbd16e1,8
cda356447512586f47c75cdcfe9817a5,26
9b18ffb59d39995390876bee7a9d2b8b,15
68aaab87bea520aaaad3dcdaab89b6cd,35
4edcfb52a6b763ae94171ce4c6c57283,13
428ad31ca0e51af51b1e748511133a97,8
50627175d82dce937ed824ddbe51aedd,11
56afe07166a1b8e371d84f8f2cac9e7f,4
e9a3118684288562f9393c2507166c6a,12
73f3de0eac92b6b2ac5c1e6ef3aa90a3,4
960fb45bf893fd31aeff99b2e006a227,11
b4e199d9a80fd9665a9aaa5ca9129fd1,1
47c99a7ba441d700485598d5b016c945,16
38b7dd90521e1258a76d21aed1372c3d,5
d152dbce42ad6bc07aee68d2eefeae58,21
7f8f910704a5a04f9e62e388bc46c2d8,10
f8001dd1d828ccf3d169922d676b9bd3,3
aa8fbda4aea973645da03182317b7f24,20
05fe9c3e42aa197b51bd0d24a80c6f74,3
f1b1eca6b2338378f1692675df2e8397,7
1abcaca280fc5434274eb2bc72f11d7d,17
d258a608eae12aa10804e9e91d2d0bed,7
3a73808934579ec64a8f3aec9a869316,5
fa1fa472cff1ed4990cba5ba6a2ae3b9,24
82650218e56c961acc3467c3c90b9712,15
90dabc7d430f058fbe29d48b8619aee3,4
aa4ef49a1ad82e5db9b5c09005f88a68,4
1256ba1f89c2bd8dbc943c6da141c235,2
5d9ed3432a224497937a6f847cb678b2,2
711695cc050c6af1cd905ac1eae0a0ec,6
55d15634f427e916710ca07b7503b109,3
701e8b2bf5f0bebcfcf60ddf8eb2eeb7,2
1dab353a4939fbbde0bdae0a71370b08,9
4c8aca072bca299aeb75e61c5586f960,7
73f9d23e7d9e2a2974457d9e317f94c2,6
323670a0d2f6b7e86306f6d7125109d2,3
75e74e3c7faf4761b7b67e160ecfb2da,7
e918281038bd3d213ed2d3c75aeb050e,42
fbbce91f01b699ea7b880e5bce378a2f,5
76ec88430762ca68a36ff6ff313aa869,11
5224babf5596a558aa09929837c7b1b4,13
0977df426c965bac082391b81be03906,4
0e5590d5b391348128104053681dac74,5
7bad39195a6afd21c5c4ca2ef1f34706,9
1692cffee5aa4fb271d937371ea76e41,5
fdcf2f6e4901af541e95fdfc9fd7ca09,2
9f33d4522886e06a1bbd7fc0f678dc3f,23
aaa5a2048c95d7190b32694c438198b6,3
e04b52ce8049de3116fd7cb0034c461a,12
c87834295ba74bcf97a631c7a782c1f2,96
6a67cb6816a133b7e396739a765e514a,28
d7d2e6464192f223c8281d038e3e45be,2
94bf62cdaf231cdd7c74d3cc9a6bf14c,11
68235d82f5c6fadbd8d412004c1f3c12,9
5cebd16dc4cfb7f0f1d092df217c6243,25
f3f9df17db6705b211dd47287416c180,16
dcd2393d2c907467ea296653a5164226,9
548256a3ebac8c3f62814df19b97daea,19
2d6bd0f519e33e2336b64b94464065c0,1
972d02c62a98e1cc86837b504d566806,2
2712e7c05b4243f0b7fbec82340d5c8f,2
6c2462e66790622ff56f08ec41d0559d,2
02c9e1a3c4bbb78d9e717281e2e9cbd9,1
cc91ff419f6471ceb88c39ed82776826,5
aa929165c893a5696f5d1b78b51d813c,11
5a783ea491b9cf94275bfc928cd8bea7,1
8167b871963b1a40ee5e47c4ac427529,1
2b79147201dc350a8f5df0aec4bbe94a,12
3e0e800facbf0de192d77762f375d59e,7
32647b45623c775202c10d9f65c9b097,2
913c7a3ca9e3bb91c46807cfde855294,6
381b438dd5a424b68bdcd201fb9a6285,7
9a4e5a941e66ff14be2edc76729f664e,9
c91e4eba7dee87dc8c62859834771057,13
a1d8c6be9ac4e1d63ddeb83ad72eb7d6,5
36ab75f9143bef97e3ab1a6dda49b1f5,1
1b7fcdde82824bfd9acd221cd66446fd,24
3b5a364f59845bd1cc1dfd2d08cc3b14,6
7d38fbb969c987f2acd9417106958eb5,10
104005dc1f1036c2bdb54b807c7e30c2,3
b6c5859136b5ddc4a45788c44616473f,3
a23a6ece21d2e2c45ad21c378fe8f280,3
cb517722cde54a715180ef24e7204998,10
095f64bacb0128556e2693788e2442b2,34
2057f6098adc9559b74f94cf33ff7a26,13
22888f90aeb2826e86556812193ce679,9
dbec62830eda3471c6474ebc69801fc4,3
fb35645ab81f12e325d990c4e7347cfb,7
ef7c28361e6c2777d57b0d81303b4475,6
17f69743dede62b75ae0670b77e6cf9d,8
d23ac9743e1af70f1dd5d769a1a04fcb,9
1f53c6e719d913fd9744e2993e4cf5ab,5
e578b3b1c6fcf5111a1afb04612cbc23,1
f6870bd29348a1ee1182fd6ff92f0b9e,19
cd7816576275f59c4dff9528a4606d77,2
ad3089b42c8a94ce7e7dc1ff002c54f6,1
6ca7dc8ace0ba5cbe9a5e596a19fcbd0,1
e40e8cb48115034c44683c2d1f511801,14
e65dd3586315b1c0ba82ca40ffc90ecc,6
bbdffdca4b72e44494cae22279c86ee8,63
9e2fd04c2b239a13b07bdfb9bde6ba2c,10
fcd5f03bfaf506e447506befd0d4c7e8,49
b6d224ac90332485abe43630bbc553ea,11
2823c37dc517fe1ebca44eb0f204b337,4
1e2d5818be928597c256223c3bcbadcc,10
e65c9a4e0df4008edd89e575d8c86527,10
c1363f828f23eeec5f6b12e12bbf6642,4
744b67c6d1d7470786e2e31818f5c5f5,3
a4a4843bfd9e069695a0306b158eea1c,55
9168eda89c7121d6f2ae24029bd72cec,9
32a7337dfd8621d7f4673809d020ecec,62
836678a29a517726005c76c383f06416,1
85d5ba7edb71e65fef9a7ebc28e81db1,21
a932081bf07915014933b1b4e33bb169,4
2d339fbfe3aaa893c16ecec2fd57f296,3
1507c0c88b8b3f64fc6e8ad21f26059a,3
b6688e6b22e0c8b6f88c18bc3a468233,31
7d8a5c67f53d9720e42b5ad24b3d220d,4
34f508b1ffa4c93e7a4fa7ef83c50605,4
2b559e6a013c6c0978eda0927c5a4721,2
d524d13a74fcda23bf07626d9f848a71,2
1d174bc393a234b6e8cc4d098d33da54,735
4454fe3ad792841fb871b56db1850ab1,37
6aea47e656c05acb62052463f8e53a3c,11
96a19a69a2dc5c0408545716063152f3,5
fa0f31f6b0b795cde3ec92167f071f59,3
5adaddc6d1ddbe679126808c7527d15b,29
25c3cb2b9d8cfa90647dbf5a07f979de,14
c6b0241ffc5d2833027f23d4a4ff033c,48
7e9317b0cbdb7e6f56eb1aeab3255630,9
2f85be7de668a8b612b8c6b496aab361,17
53bfc46329accc61532698b577e6fc3d,22
ec44f8e73f09a8d3c916142607766cac,11
9dc905d0ec7db4a51b7aa462ae0bf5e5,6
fb7e8554ee5cd7d7aa46da00130cf682,18
4bc21b2b0a599e7bcbd7d84392028c8b,1
8f487ee9e42bdd35cc7ddb5b9087888a,18
48887d42fdbbf75909e8f7783d9f373c,2
af8a66a2824c011c33575741da7d0913,5
ca632be68dfc46d30692fdc81545bb94,2
5f37aef5c88c656a2f86d610b59f9d71,21
fcc9bab3e24ea08d704271c6b2355fc5,9
9fcc191b2026bbae0bd93698f52c42ab,10
f41df0303a939c527c84c7f356239907,20
a207c27c0a57a8d5d27fefc5a7b844df,8
17cef6369e8c8e70a9ebd5a8fdf5fa15,22
c64a351f39135f2c62aa83ba98b07c76,5
9345d8b21e3eeaf1d8293d99fc5f3104,12
a039b8268c169b2e04c426bd3edefab2,21
92ad5e2e1e80ef39d5cecc16e5391495,8
888819b62475803d5154896501405e7a,11
9f81559c06d97af1f84327721345d84f,9
d70152a73359a7956a119f57e3743360,25
34b891e47f1030092226f7546964e6e8,52
4ae53333103b8c424e47b70a9f1ff79e,28
ea01cf90a5fa56f31e63453cd96ceb7f,9
02b9a9d6441c943688a51f84b0d5c87f,15
8c8dabe72dbc376718b7e77d0dd50f0e,31
b1fae4749483b8fcce0f2a165cb7ee05,8
dd54f3392bbdab7cd4de33e55ac231e5,14
ac497f5c51887e99b544b5e7a4fb2d4d,17
852002d5b4d07b578ac176af89325ff7,12
57176a0ffe85886c8a7dbaee5e3cb859,22
806cb8616a97cbb724272f83d8196f40,24
727eab6e9c27cca7329faff7b9c70ca0,2
01dab99f8f54f22075af1681c2c5592b,8
bd8f0f763d38b9e52dc89fb25d3087bf,3
9f1de36710e0794fdaadd57b17f41b98,12
7b3c2324c81cac81bc0352745b425bb1,21
5910173c4e8e31c89d3310bfff212fb3,32
907926c4f260b75ef164c6356c5fc07e,15
52afb49b7ab4d93ea42fdca3d2e8e481,23
3b62be9b6c039c8d290445943a3fdbd4,50
3024ceae798cec99bf8b43d3a5acfa1c,5
3ece433cbc83a31bec814da742bdc568,177
0b44db4d7de74c607a30865c00a1a0d7,83
e5ccb6856ab10f491473d06055086b6f,51
f1ba989893d95950e7f77b5cc1286e46,63
502535ce41f52378c639e4cd8e9477c9,14
d67f1f66cfa22c222d50b22441611c08,81
3bbf75040f93f1645e1966e689b1ef7f,51
551dafcbb05adc9cc47c3f2c7a7b414a,40
3d87b4e05f5e53cdbdb0fed9dbae908f,57
6f5a436056a1aeddc9de369f13cf48be,2
3625d011db39cfc742af11955cea79bf,27
6ad679827ba3a76cac32e0e0b883909d,13
2ece2f4e2295518419e96ec0e2b8c3b0,51
9f93b639247ed1cba260974f6bcfcf3b,15
47ba13536a2afa29eec8b4a634dbdc67,6
da66717c11b1c25eed963dc5d13145b6,14
3c5a7a50473a6f9adefd356456199f5e,77
7cd458f03077077e22e5f9fd7aa66460,67
5c64c81d3a2cd6cc2f94fd2b80c9f873,9
e88543917cc5e902edfa5e16083ef603,74
f1e4650cd2394235b05b41bf8e04b1e8,6
0cb909a4e27b3b945a1548c98a3902c3,28
e6efab164c75ab0cce9a845b0c4c8f91,5
0e605fe27093bce3b88b0fb6babfc988,134
148e465a6e068c01c4382748c43b2b76,84
8dc52851b3c4e5039e1398ed56fd9337,14
e120ab8cde4d1038afd42ab676afc11b,65
51202c88ba7280ecbb5ce4113e7e642c,12
d5cf62d1bdb6fde828648f9436474664,9
d1d78327a50fdc0d88d44ee34711d012,29
5f5bff73e4a90420da0e636d4a494ba5,17
d8c87216ffc13153481f21674f91c9dc,58
0b7e3ab87ff273b4d6b2e1be2e5ecf78,40
41078f5ff8940370a824ca2701eb7cda,25
4d987f3efb00b9ce17f04369521d5b57,24
db5dc2121033c8c574039d2a438a6136,50
04f4aca7e01e68dfff0abaa82a8899a0,31
0e4c96afd34214a0d026b1805284eac6,3
fe6b0cad7dc28fe6f03b7ab5f03e881b,513
c39fbf54afa68f2df8fcb32b88dde810,22
df0eb1e5ee9a6087d480fda6c4933e86,19
4c9e30914cd29fcc6b112d21e484463a,19
7d440d000aa4c4f692d30d53f8bdcbde,9
2ddcf29bc80cb8d864e0212320c5cc2e,13
7b82a4e3ed3db60284c8527dce9d0830,33
5c0176e54ff261e020935a4ae26b2267,17
6f206ab372e6f2df702e54208e65b7ff,86
9f4859e344e3406576d7d30aab51cd6a,15
996d69f57d161e57a72d90e0ceec642e,10
4379eaef6ebbaa6feb8adb03be961957,22
3c6720edbfbe07dc4baa6d2d6309cd1f,2
17bd4a7a0c72f1b7eb20695a5291c57d,21
c9b5ec2d7f91fc5b63cb22f50bdf11ea,48
b6f8ff486f093541107d41a28b434658,10
6e68ccc133f6f505bb1d9e733a55d173,89
231f9d8bc7ca16c4f4ffac095d5af0e0,27
ecc3a456aedc9e90d16b767c6dc7e81d,37
b60548228ef891b42a440869b14b3011,17
6ce7f4148272c1e4ae4d053005ef59fe,9
0754e277f63864138e9d862d5532f0e5,13
2d1242c06b45aadf6633bf1bf1e31404,85
b153116455992b2e1281f0098c1b1ef0,6
aef2d3ad3fc77b463dabfdab4dd928c9,15
5436d87ed6cc069bb6988549c0342738,19
e3f23477509cc0c73c937fde2efb6082,26
985e8b5b6d0b1eb4e072cd999df2919b,7
211c69a48fac7dfca3dcfb5452a10ae6,14
0b028a4572a4f4e5869954ae06fb2370,24
e09828e70ad330200d1f027fa03eefb3,35
8d3b4d56eb41a58f8eea879b91d32891,6
6515efc2fb337f0701125c0f4f9d45d9,2
f43c7a449a1720632f29cb6bab15cae8,4
61ffca05bfb8103c08db6e528ce2c382,3
0625a261370768434f9d7eaa4b272876,7
828dbe26f74dd133dbe5a458724ba835,5
8720763cb2d91a4ebeb1fec1f258f721,14
7f49278f0b414a4fa9d1062401b47419,7
04d12e92cfe222002d09d5de98762905,7
ae92e476e4679947d6bda6a7064b1eca,7
6b63bdde9936bcc1a956bbe5b9b78f2e,6
d059954877665942c20f772096b5d90a,2
0a774a753d5f07cd503e285790909492,11
8d847997d2fc6983ccb3ccaca65bb570,22
a3d2207a01d820f315252560974b2ba8,50
1330eee33be8dae07706ced210dbdd53,4
f588170e0e6c97f2a44f70c0ecc4ccf0,2
34a085d02f615d6e8a087774051adf11,4
1a1784a5bbf29f36565e410ba972bb0b,8
34935f3a165a1ea3fef5bef6965172eb,2
1935e2650bd70ee7524ed0559dee31b5,4
73f7f571a4181ce1dab1a5f3f6aabb57,3
6fc9dbd5093a8dbe7b59bd6126129435,4
29dc7179e9b5a20b26bd26a7476c4271,2
5f30010bc35445e8168729f6ec1cf2b9,9
31dd494d539f3d8e23db0bde6e452886,4
168fae2ada8a469d583f190820d258ad,12
141a0dc11d0aa2b134dd05836d08d602,28
079beb1ba3cdad531ea7dd66836792b8,8
677b180cd5f1a3f538e77f1a7fb7d741,1
c997ff810935e7012dc1f01064ec36c9,4
15dc590175d5163819719b4d9378832a,12
1b85d5b2a1b80e8d60d3d56f550841f1,2
0ac74f4efcd4b773b49f051f3a07a455,1
9a8d38a3100c830edcae6193f5671845,28
2a6e62663e43f809d594c4f98afb7dbc,1
a54bfc9fc38d5feb8cd470a16ae55468,6
4125893c4553a5933ec63c3a5ce0c978,1
3d086f41a8ee68cbf7303a59a67f1b6d,36
a0d5740bf35e6d356f30cdcb7fb6e36b,2
3c810bba16f1eb46f0ba5a16e3456eee,5
33ff5e77498e3e29f0f0d061da4633f2,15
54b102c0df636e3eb1057f20ad3c3f7b,5
34c08c378a4c975ae3e00d4e7bf75f1c,4
7b00de19ea6a8a091130c33e338ba230,3
928660d0df11cee6fe7a469f5a01540d,1
77e48f7fb0c67253490b5901d6908c93,1
bcd4f111c02e5f9e199c5572086cd7ed,2
194ea972bb763f7fa8c455cb0cce0bf9,1
ff0cbacc005816ed67f314edd227d467,37
276fe34259308ba7d08360aa86954964,46
f1843a2687e7cb1b0b9583fe58764174,6
c69c89b3e0ab640224ed289fd71ea59d,33
96640a04a819f8483ca140b49dfc7587,4
867b2d3fe7561baa8317e6c8f67f41ed,18
bbf3e154938a8a659ca1b9637172d8ea,43
97aa54c7504c6478d644e1c092f12152,6
eba00e2a89f5d3824e2f02f445ae4570,10
90b2f378d5abedc39c9d683abc615c44,3
136b5d1860822c11e2d76ff3179ef636,14
d5866053dd27d5e7a5049c1680b0cf95,22
f42e64afe6a72c693e0224bdb069ba4d,19
665238ea792cb29a6d512a151166a06d,4
87c4ffa0bf1c5533b26fe2941f46e4ab,7
e04e78e05fee1ae90a783cfd18bbebff,16
989ccad8f9a72c45dd8ae17c4d8731d8,6
affd8318b507e745a7aef19b8dbda5a8,37
6fead57ff29d16ae3c3fe1bd9025736d,28
66c10b9c98f2d5e6b197902cbae9425a,38
e89cc86bbd3db4ec22aaacc259f03b5c,281
8fa4fffc90be6d38cbf8136ba690dbd0,24
68086c7e88492e9d9c62a66773788ec7,5
bd5b55e638db6db3357565f00fbb62ca,61
5f35a251bee4e6e1d30dcf6949fa1039,3
2ada54f457af3c758ff3e66309bc1a01,6
30631cca764affdce01f48f451381a81,41
333ba091135d453206cc4c22f5485c96,1
9ebca872d47d817bf81b1991df65fa78,17
822389a209d92211923931dbe2a115e9,6
0aae7556f95e24abb7c2dfefbe893ab2,4
d089fc11bd70a10e4f888b01d6fe7230,4
25b6d680021fe070f3aea86259b7699d,7
c83e41a747cafa546cbc678d49408862,5
d380879f5e04d4177adf10e5253cc413,7
8607568d1ac85b4778ce7c26f46510ed,4
2d80207fd144e873ecaa942c6a692c28,23
47f6a4cd9dc061fe74cbc07218696047,11
e21baea40852de7783f67658e917a984,5
b734e5b050ab93cf30337935e5213f43,5
d70e34172102b4380a6866deb90cd586,9
9aaf4169f7fe43cda7a0b8da2fe69a17,4
5d02df21decf339c8a5df0fe1cd32f40,12
58b352b8183c0a759e6814e13d828154,8
9b32b98b14b9ea2c64b8bb5838206e51,5
ff4c0bff6e0a1bd52debb9336752a6d8,6
45ec56588275885615ce53d46c927ac4,14
a7f285503a9e3fb1c02ce7fc93af8559,10
a2c03c84d117ce928a1c33dcaac25d79,37
0ba1086fedb4dbe039351332bf44b659,1
73aa8350214d19db375293df4d5d93a1,3
21c0087f5e08e4bbaae9289777670677,41
6145de06fc6e2809fb8c52c3e03b7a29,5
ced36a402936170a2c879ac3517e2852,11
bf57076a768ef264dc4265c450ac0dac,29
3e4b58325928108f7d8c3fcf60342400,27
ad500820a3152b09d942175a0d6b4322,11
d92a7460348c915126a3ea81f3a3a414,15
17b99f9b2a3395b0c90ea54a9c3cb8ef,3
68d8cf689a22671dd56cdeacd617c16a,44
17c88b0a8a23b81c86ebcf6ef8c7452f,10
dd458234c6df95a39a9776e8f57a894b,57
9b9ce5614c1d60f660743bae374339be,21
68947b56b46a528a3b36b32c6bf93e82,4
868182324c192b1decf56038b4b04822,13
2ce1f8a0c725e476a6938effa5292d3c,52
13617b90b21338b0d28b14669f1f6f34,13
a52226c41d016496358718ad6f56ac70,17
b07d9cc9e4335a522ec2143a562fc2ee,39
b713a1ac48b3f6867526d1644a5d2ede,2
c004b25edc19d8ccdf2ed1dec9bbaf3b,3
3e523456dd1ff8958badad9473fcc2b0,16
1ba90282db529f350f943eeae57c57d6,6
ae743b38247a0409abcc849749826101,1
f855a2b52e16703926c1b4ac75a32574,23
2c71dc4ae9b16a32f231cf2465445192,5
17206600222590281f7365b7621689d2,1
2ce2da1b4e349e7398eb4d16a6c027df,20
10f37ef6e6e3cd7ba36eefc7f301602c,21
a247204fc7bc7151c46d639fdf6a0b3c,13
c858265304ba5acdbc37e0be5af34a9f,17
678156197615b458f41c3154925524dd,29
d220a7c290e9e7e11aa6321fb6fea181,28
e5167e60628c2248bb04bfcb01ee531b,8
109fdc9dae68b3213e35e937b6e31e00,19
06215779093c11b84fdda77c3d450354,3
a346c70f9193f34110e6c95ecee967f4,17
d8fe6f83c876b0d84e3d8485e4478b00,13
13df6309fedcdb14680af9606abed903,31
1d7d2070b4549ff9d8fe8bede6d3cd1f,6
91d75239317c4e152ac59bd3e313ed03,12
86d3f9b8bf6b51c33b61c776e6b3263b,2
e1d82a1353797e4e53da5aecbe8f5063,6
55c164f592fb61bb0aaaeeacb2b94318,13
e6adb3347b673adec5a38da375344925,23
abd8645af56649850879c06335acffda,7
7b1a312097d99a7763aaaa37ecf72d56,9
d19e9f416a6b88c6d084964bdd402241,12
916a95d05fe2ba32299e9600299ebc00,37
ac6f60a27ac9755d7e0c408a62134271,1
ac301d3793a477dc9a9ee23a83434ee8,11
05d06bf4267e9c479d28f8c389138b05,5
ccd5689d25433eb59fca3344e3c1cb1b,20
c3d6a5eae791c409f559a2b821413d66,6
909249e19a463fa4bd1acab7f0ca20c6,12
437e027d37a95ef51335fd24027fdb8b,15
8c09d0dc45935155d65d7bf17cccc213,3
c58d5b387011b7576b8a81dee666561a,26
1176c2636fd77bd81572ed8fef613b8a,6
b549b36eeeaea867f31ae8090567db68,7
8c6cfb256d1dd4d53e3fc7074a5d4e5d,6
155821e997532e199d38958060708033,10
6cc4180d095a62c93eeef16d62fd9fb6,18
4b4c1d1b2aac61aee3225378dc8e813d,6
42f4ef8d6278a488035b994d3fdb081d,27
a36a5393e33cb757fe0722020712bf1a,1
c3f9291cb670f0cad5d80209f925d336,2
27143b61e0d260913b5c2cc6d83cc01c,27
cfbab5f05f001943557c1437e65f9308,9
48bad2255b8db44fe667397c57ed423c,26
46fcccfeacac5b9d9858c7b08fb4d585,26
f14adeb7c9ba01c0bb87b8f00f6a72f4,51
c44a720ddfea7262dedfd67961b3a321,9
02db6cf5f9614bdf142aa5563b1d65bf,33
f9c19412311fc3f7b7aefdb2fdd57e99,30
404ae9cd8c306905c0d6d9c70c6aa340,337
ed16a5f75b2e570aedda894d1d96b080,2
12e7b85de15c575403afbdf7db9df6ae,17
3c4b17ad568e1b97d085a2dab2247a6c,3
9221fbc42f29bba4b5a608572542f080,61
af7de5f6203142e8f0811ddef895c202,1
b613c8c3bb73c903b91e16ca4100526b,14
cbbf9e044c84d60ec80d470f61658212,36
6adb5b09db5cdae215f87647d625b2b7,32
744fcda4a17d9c46daac61bea241b57b,15
5dd7a79691b1a865bf04262adedc12bc,9
a23333b96f9a718ab731ae786a961925,2
cd8f7d6ddfa410f2c7e6eac6de2611c3,30
2f0ea299d8d2b01e33f179ba97fdef59,8
eb5cdf7d30c69ebebed32fb71df3e350,62
26f7085a22cab69d550db3a05bfeed72,47
f924932db6a2c5a25f51dc8837dd1b7a,125
68a8b9b1d1f682e9c631a59552f13ef7,72
713edd49eb480531c7451d3710fb11db,93
062a1c8fefba13140d3c93c6b8bc1395,45
6917fc5468156c07c63becca93113ed1,7
8b9fb7f713ca6f976af7d668b7f3a5c0,66
560fdd8b47f31634f728442bbdfd8683,15
fb3a49f9cf1267bbdd80bb3d586c2757,39
e1bd3687d5e0124a15e236a6db869148,33
417470981a1eb17cbffbe480ad786da7,12
c279d4aae3b23b46662e4f65bb8e15d4,15
ef4664369ba27cfb2cbaf9442a55cb12,26
ea901ee98666e913612bc7dd3b2e9c60,24
ebb2b60c7743301b2422fee88e6791a5,47
c84059b6c254b4d9cce4b3616f85c814,8
e5f317c6dfde4047155e80b1230ed7e0,46
09e69a6727f0b8eb09a480a7034e5570,35
c7b83e76e62bdd64677d522f50184a5b,117
af151f9c78a60a22c909b2383f32289e,165
5c8d46f7ca28daae45ef9ef4f7fafff3,39
5aca091a13668db3110b9385cabc45ad,53
9b8d80e4a8db0b1470b8734b7c0c56f5,29
423dbbe160307af5fc1520f591a29d78,50
2127da75e8199a18a1cbd6962969aab3,19
4f02f6dfafa4fc7b23c59bdbbe26d5f0,11
c7402b033273ea17ce80f2e93cf70cf0,10
5409bed53f0c1a52c66fbb77994f1f12,91
c52dca7a9b62c38cc0500e47978f7363,133
0d28f6f72aca6a165097f66f9bbe368f,36
cd36b9476dbb2f609c7ce9447a31f46b,15
ae2261cc2f18de888dc6eb68584f3fb4,15
74a1bbb688f0d3d19cfe519af3ff13f9,12
f44ce608c6ce841ffdef2993a60c4ecb,46
8f2943980dc5e0531884f4e5d06adecb,25
6701d24e67f1e4ab9bb4e9b83c7004ef,6
7f0ed382e9171901420ae175ea8fd0b3,16
4f2577d41745cb89516c43dc726beaa6,26
5a35c9dde97d773ae9a3959e2b0e6589,22
54d95a2d435bbd333875f163c87421d0,34
c083e8bc998f128e529b4202674f7a0d,3
8299c92b0456b3f94989aaf5ef6a4d3d,9
212edd761e9fb9c50dab98c2e1656d10,32
299304373fd4fc5086962a8054c86e9c,8
ed43fcbea6ff040170bf8479eba0cdf1,2
a12ef907df7a22301bf1818b69c6be72,40
155e2034d66f421efa4ddf524508d0be,12
6f18795d8434ee7f2be2ca2979291bc1,12
c9a4721bbff8f24a20ce6c6b36967e03,14
f32853823a925eba2e0a66e9bbdcf5f1,15
f3cef777027aed5c6b5020e97d55af57,11
f611baad33ec0b15b8b44201ec6e22d5,7
a6f98169f858f78673465e84077a8843,30
278a4a1087bec9ac557b552f5600e6be,10
1d19a014948d493588a18a34328947e5,1
b08aec8039b87280ab0c83b35444ca50,25
d60b17de5bfbf57210121493cd139118,5
fd5bc388a23247c92b32040cb224bed8,10
60c26b96661bd4a52685819e50081e65,5
78da3a420f91d6d97013071ebc6e1d0b,2
7ccb1e13cc61b991098f463b8aeceeab,11
c7f73caa94d34f893c84f4b65fc0fcca,17
41069af1b5ab3c6db6894a4e72c5e24d,9
7baed824f03d3be503f08cf9efd57b0a,4
1516aca0a8feb5bc4370836e82f7bb63,5
46a842430903c3c6bdf492c9fe02c5d1,5
28509315c007554813137e63d98b727d,15
cd52a571788fbefb7259aabe850963b6,7
b6776a5c1ac61e7ba8ebf1e4259f16d3,15
6cbcf57a4dd1ff001fe5f4d3f25f03c4,9
082b378bc54114b7440994d8b202e6a4,17
c5133fe3cd0fbcfba95cd4a80973750e,1
1ead99d2e645ca76da61df821822bc71,7
12ee7d478ff5166d29d760886bd7ca11,2
ac83f35dd14607963d9f70dfdf2cec2b,35
f29966a06f580f8b7044ead584a4ecb0,6
c26cc15a0c7c04ea0bf415cec7e38d07,4
87e3ff62b7efd4fc6ead336b23e94a63,10
0cbeb429bb6d837c0d3fa414124ebd3c,2
c385af0241e959a8eb13ec217876d20d,4
5caad35a3e5d9c85df32f13290789e4d,8
1482cd753d44fe4dd3c0b986ec2a7379,14
eee556db2e387858cc8e675573eb3c70,12
738e6e5fa536214363cec70ba9b84527,5
c9b3b7ad86dc1c86a53d48aad3fd77b6,8
c94bee682556ec14a47e81018e3a694e,14
55c91e33f4f174a08216f4c9875295ed,7
7ea37842833a2ddabd40b911def06b01,5
db13e751b4504f1e8381573391d92158,5
7d4e7bb9b3969d7d642e33bd378cba40,21
360d613553c4dbe53f02798100584087,19
b317bb5f7811164d89daa3e5246ef43a,15
97ecf84d2832cf83e05aed41e18e3f60,7
2a68967eba533c5a3ec17064142ab48c,19
b4c499c421a39aef00ab6216cbc48a15,5
884d40968deaec7667a7690dff104b4e,3
07f73e59c939a099d5ccb832b9a2a635,3
ef4bcbc9f9d78faeed506beb9affb480,88
0fde0c618024e280aadc1d8f188b58dd,3
04751428b2cd4ecdc50b4c328b532790,2
2e2627de6f0509cdc53e30383f49b3b1,1
7b193344f6c916961f07b7fc63503ca0,3
ec7e8bf75cc7e45c173735933a004850,10
409862b205b9f966cc755bfdd306c53c,4
f54601284d49efcec7b53d6bb681d018,7
4a06d03016cce7a1f244a3142d220acf,4
c3e9a0c416ce0f88e59008f8f1885e2e,5
235d193a8bb492a5282e995123e19b28,19
eb195d14d8b13122e559b6c0c68711c4,14
bbb6f0ca152c3231bfcc3d3ce6ae42d3,5
7642960e0e030919bbb6667c06aecbab,1
0b8becce4ac40a350df2a8c73c622e15,5
96180bdb03c373aa21a93738aa35696b,15
198e290f5b849052506aeba03aa5aa8c,2
901ee4b21df942645a27f6691380301a,5
c434812eb049f4c7f599884fc897f497,9
1485c4462755b05da80f3195380c4e33,4
7d74656965adb2ddc8dc91aca857745e,4
efe9bdb0802387577a8be063572d3dce,5
14ad550bedc0e1fa2c355eaab5fd2948,3
fa4a8e7e6529dff45f0d09359d36e3bb,7
c12d8b04cb84d26208894dddd0fea595,5
4045db9650fbeda6f05f8509fe65e54f,4
d0e5c97845f21e60b0c3e80ab7c3e332,5
4d85729f5c1696dfec58f9a490612531,35
f0441e7349b4375c93d7faeccca0fd8f,32
3c6539de1bf400b1bd6541d5915b23c6,2
506eb3ef8cb5d69d4910fd32d18a39ec,7
b3cb45ec022a7f2f4dc1bca7a4de57c1,1
e60e2b5fa31f845874c4ea66bf94b7c3,10
55537172025336b96d6a0609fc1efc81,7
a565e91f5de838403078736d36a7fd6f,16
ea527ab9814beb3e6af97fd43f9e2aac,15
7c31a233a3a66009b5b324df4084c170,59
a8aaae2c96923debc9453ab0b046035e,45
4866d45472145913dcccbecad26be85a,3
1ef393c0be824d20a68816cead64b7ed,3
2f4810103d85d2fba4449c6e43cf4e4d,10
abb272b52b8448902e2f3dc44239d9a9,12
a9278907b68f2769bb6f3468b4f6a176,6
3ebf7ef0f878b1581f12ab25b8f048df,10
112402c9e67b3c9b0d52d1504ed4c995,2
7d48cb499f44114a69c916abcbd8121a,1
1d9fd256ce92a6d62d242e696f54ee09,3
bb0774d5070b29788e9eb4e00b1afafe,7
cb5c9e08cd4ec0b50d784c4c3fdd3202,7
f5673ac27c0a4a2003d4062f707b2135,5
bbeb4e2247b85ee74b1df9780deb4778,21
490b4c46c3d96be57452106b0453f550,9
e4bd0d4e117ee1111ad840c5331fcdfb,9
a9147ca8cc2cb55b90139aa501f93fd4,2
2c626c8b96602c7fa5a3261aa7fabd10,34
af45d82a49a7e3e676e5f923918dd2a9,7
9574662d966d24abbc9f62085b98883f,1
0d51badc4ea0123baf1c73cc82735140,9
109250d559dbb995a1f9af7ad70a816a,16
dde987458039a4c7d97bcd273371de6e,3
6376a18c30ba65a934853ad265a06a92,7
afaadd9c81aef63175e66272f4c67b34,2
69a63a829be77a527fe7cd014205b19a,3
3374477f518cceb40880815853cc83ac,4
d3506115154a286b304d4bb1ab1476a1,1
f661c9226e3d9667078dd571516e4e91,5
2a865b0db7475d5b0a55b104fa9dd6a4,3
1a380e2a2da2b917f1a6e69b1bfd7afd,3
3294662edae571e7008abaf0d27d9236,53
72f76fe501662c461cee4d8c2d643393,2
432a45d8048a97274c1de9ef8d031cf4,2
8f98c143e3482890da6f32792db359da,5
1bcb7291fdce1231fb93ca083980f819,3
49bb0bc824bc5a2c2d34a7795721fe86,5
3abad4f2626ce1599b7d118d5df7cbff,7
86a92b048470d807772241a2c906f758,3
d9b61441ea1a2af50e81759cb50dc79b,5
e9504af8b96c4972f5a1612a0de95d22,82
df2c6e8d4130404783ff0172996473a8,3
e2c0568eee5a8404b7206e6908a4bbc4,49
6dc9bcb6b635b7751d2e0448c544b54c,21
56cc24773f981983c6cdc39bbd176121,6
db6c4427e9c324e267289f36e4b653f2,45
edc3205e9cf1e2bccbe739ade67958b3,19
7964df2857b7f2270e5756f725399541,11
f912251f39bbbd22a4d5cffd5804ea13,1
61b74c7697d86e8834d67ec803e67322,3
8e3660c99c10034f19ac1b189525af19,6
a51beefb916df5ecf2e044b609b96bbc,3
8a704730f8ede69f72b9ee4f6eab16e9,6
1f3a232625b80488a3bba60399b1e29d,9
599c89d3678b3ac593d229d86c4f4e23,4
572016766e9a88519bfc05f9ef85ae3b,40
17ea3e420f2e13bfc3a05401ebc4457a,4
9520c1e24671df50648af02f8500b695,5
efba4453cbd383d4a7f83c1bba593987,2
009644071bdda664eac9e9f7e693e7ed,9
fe0d9a731074f21d0f856f9077ec6026,12
47c9185a31723e31c2c4f26e2598de64,3
83cb39af7eb3ea4cf906e6dc36d83695,9
f98e89f2ed2fc74bcdf38b409eaef1c4,6
b27451cd1bb280fbc18cfd649db71aa6,6
776cf3f872c395414658c00dd43bd2cf,11
2e2c45a11a7ab364ffb8d61e54b194cd,7
2e4bd54ae3fb289ee968831d0d504e80,7
35a4056dfa56b03301598bb9a2557fa5,70
a66e30a7cf3e194d31c629f46cd5f1f5,20
c6ffb92d79cf136068a9197fbb9b3097,3
058bc8d676591b305a7fff39267a2a1e,3
847153ff06e0e545c7f72200ae32db74,10
edd22822ca1b97d4920950a6a67fd8ef,30
f5f32b1374182d95aef917c843e20c1b,15
e30cb714efe2ece7bc6b4f14005d7e05,10
bce564da78a0439d48fd266beff125fe,34
5efb6e0284dbb4d4e0ec159998e5c283,25
fcfbfae53ae088c4902257fd4ada9b00,11
f87cbb387069c6ee86b3a10f553b8ae8,4
d55ef5877b61a67dfcdaac8946e73172,6
1a3da6787489726fca1d2a49a5ff9501,2
043f34c5cc610ce069866cf8044b828d,10
8f39d8b305b247bf52bb4210326625ec,75
bfad064b6f8f5fc544b2d96fe0476443,8
8373daec131aa063a00ccddfbe5894dc,36
0fb2859ee09e80462b3d9a66be688b76,5
485bb3c8039eb56991ab14b8b49e75a7,4
d7d621077dd846517e78868b1a052f49,22
0bccdcfaca192e4e747daecffd8dfbdc,4
1b958320e3a1a73789f85577b0139569,13
281aed662de8d387b021a06d0edc1f90,34
fd29ca7a87875e2510f65781c395eb16,12
edf88a73f4697cbe95dfa1b8881643de,4
e89aa200eb38032bd08fc8a401d14a71,1
d4d5f6b6c2c1a8226fe0a7e13d7cb104,4
7a87d403702fab525f20c7cc0d1edc27,21
c8289b9c23db321e4bb250f7a0fe8002,5
e4ddeb7cf8e44a8130a996247c54be6e,21
c8c4b526150b03b58559b8250658ff6b,30
47130f0d22a7cfc8e54302fc2804a13f,23
bc41dc583b4ae16f89b6204440c38502,68
8853731aeffb3a4f8889447113b6c5b4,21
06a45b6f3e04d7d38327a6f34b4222c1,60
289a837ff7a1f2cc088ab31f2e90475d,13
e656400b228d225c188a1b28e7afaaba,16
6903ecbf12eb34b98776b52cd2ab42fa,14
ac65b0181870688c4dc232e19cdb9543,27
075933af12a23e09ce970a648c85d194,38
12b7aa4e853394c51507470a9a89e849,7
628d1fa2d2c808551cb7492a2a2dc068,18
1fe4855acc54eafa3775eef52e5569da,12
3c95f7348bcba3056b29c41a987e5d6b,14
c359b50d81982e2ad8e13c1f91a81cb3,1
1a7ae2607204345ac3b9ff4961c1ec07,22
1d19f6de98946dcba385157230b1b9bc,93
98143e0565e2f828ade036d6f2cf9e59,22
c4822166847fa5210c1e802aad0233ef,242
4c57611913d07ccf7d24fafdb662b37c,59
420da8cf1ded839f532013485064cc0b,53
f67e84968120ad92d3ce32c89a162132,57
0c07b88571236df495498b4a164c01a4,199
0b89e2b6294926250ad3b471b8bbb81c,81
9f37409f6714bdb243445f444a99e2a0,33
223a9428b2116995529967a5dccf62ec,67
88df997d2bd04a874064b425c2d25aa5,28
313a300cbd95e43faa3079f199940ea6,77
cc2f5456292493736baf3806775393bd,27
cf3ba33c20edbfad2c83850091b9e3a9,22
d19e50a942159fb99c6a9008a1a4e364,35
a779c5f5c861178af92de0ca88c8086f,16
e360877c9663158ee0c6dd6511ab9c94,10
a41fb4f6739236a388874fd3cfd8e351,17
c04edf8966844d1ced97b999c3342e3f,37
1b9778eb2f7b22f46a6e35b73c046706,26
c9a38a6fa394800041b9750d292c7086,53
b6e5fb3201682356824a625a20b0e952,27
93574d2621596a9c06581d361fbd7ec4,22
ad4a0a6bfb02006446e0533fe6e1f112,16
1a8517cea940f3b5424bd9497026f118,66
6df90295f0a0f2fcbebbc34a2eba1eaf,19
9cb646358d3396ccd6cb05918c476ad5,26
15a00163cd9583a0613329d22b2184c7,19
de6ac983f79c432e1928daece312aa6b,17
06e6da0cb228a53f298fb8624cae4dbc,167
d28c1326918171575b0855e4f2e4b4ca,15
6943c6d393934cb25f0e143e7148783b,22
654eab7c0d1a20021bcba4847724e655,24
e1e1d3f39b287d8c23a682795deff29d,58
a781d02e595b7b8fd01154f748940d57,12
9a3e346c1904104ae39fb18a70f3b63d,27
b89fc7a4e8ad725969e1d3ff1b690049,14
12059a9668dd192c5b23268ab05b7330,12
72edee53d69dddd5f5d983598b34cb6f,23
96ca7bbc145e6699c85c6210c2ed027a,30
508adb468d137d8f783d29bd344a630b,22
249c48a275449ff499282745d8da12df,45
e3f7a3ce49b3ce32683641ff2562fe0d,7
6b557960e0ceec2746c9c1ed6e2894b0,4
9624349d6a99f141643ca3ea6d6b218d,32
bf8d8f349fc189dfd3f7807d2ec87c92,7
806575cc568462a5465f06349e994de1,17
28e4781d60a08b60ed9c876c7edf2494,170
78b04dea58551bce7744526d3ec42c9c,14
57096ebc58fe7fb539bcb29c7aa44113,12
8a9daaf15bb02768b9c8d0bac9ddcaa7,85
a3b32005580e82369e26667d6671b5c1,31
c17ab9c8b10a83637bcdc979c9f84888,18
f16f75c5de73d6a23529c4a272bfe915,18
5cb1a23de78f8603910b764f78ce7d7f,8
a9978dad97ba52255134631c6ef9b0c7,14
5353f1fc118d2a8a21b31677aebc7212,20
cab35afd8c3ac27e0dfdeb1a40f190f5,8
97339361b6a1488f3dcaa4f0b8c23337,21
351634908ea4052620c439e27b7c3417,4
70273fac52b4cf69a551915067eec62d,15
a6f303c097f5ede4d962e039d8ab57cc,13
6cf934264e1526539f5345679897885d,25
36f91933b36f7fad865cac6e776b6a2a,1
e8a6c579043a4395abcc39a19c9de5eb,8
75f85288b76608419a34f8921f4b20f8,9
3af38d6953fa19e1c89d3304ff6910f7,5
e7cc6bf11e4823f1dac8c4f6c14548f0,11
23195e6996caf634539f7b81d90b5565,9
0a8b627b3368fff4f39399a95e5ba593,12
d6f3ef8faa9e24c5fa5d610e10dd2fa9,1
1a2f75f01ae77ae4562fced0bf5a9c27,1
81e20659494694b17c6a30419722f68d,2
c5faaa772b55b96e72a2f31c2e26ac06,1
66b3327cd9f7266f9a87a586ff4c1608,20
693f0bcded39b7c94cf34e8222ea0527,13
802088f6f6c63a90d3b280fd4f94649f,10
137480a8d31c1d11df1c366a76cec911,21
7b5ea7f3e1dcb6177d3576a63c26576a,5
0e2f6055f1d59a58bb769599e4662454,5
5433fcf863e978a8889668a50ac902e1,23
f723adbd208c9f3e063487b1d7a9e06a,4
5585ebcb44266ed46d6151d3ea472e17,4
bb2a99eb06294aa17cb7c25ae543238d,1565
0989d2fc5e5cbe1eb5bec7d274af1fac,2
b26783b24f8336d6a0cf7fb11a5d20da,51
cb86792ce1d3052c8e5dc6096dca3f2f,5
c7a3fbd2bddfe8c34ad32da811a2251b,3
0a7a7b4fbc280ba064b47f299eef077a,124
64c4a46ec30a666c5148460a066cbe58,8
93ada003bcc24876922f336a98ef09d4,5
2516935f5708fe9d406b1db8a2f6faf4,1
a142a04330cc0b6e0edcf53724758266,2
a8fd1c41b401de5ac85b756bed2446d6,22
fe8290879be4e162c92f7f07e80e9c74,3
be6cd8334d5caac20fc998c87ae2ec8a,3
c2f29aacbc2f201a27021394687b0a2e,42
6a02d678a71f056f5d838594378d060a,4
77255a05b164ce12f02d664fcdd8797b,4
30ed1ad40006c7f52b459552e76c990b,7
d7eeb993843d9227c090e394662ee957,2
d0ec137a125aa6e84cf810fc0506ee87,4
52fdc3169e2e9b6a91cca7893bed3922,4
cf58e552a8419c12e0e287046777c7c8,16
7db2cfcd75e88cc248f079a94d17255b,3
3c9984f8e810c3d9cb21de710278ce1b,17
934ac519326ff8f4f6fe75ab43a1f476,5
8fc55fd11a7a6e793625d35d1c6fc824,21
c5a1ba69b53ace5e076ecfdcaf7f003d,5
573ed65c0d453bfc277553d16146f87d,7
2b3f7b173869790768c689f7514357b6,4
e36dd642d6b3ee9964d8393464b7995a,8
4aa9ad3f5e0860e5f7612a318248b367,3
eaa2fc51d23a146f403e520da8e985b8,7
0e9d0f0b7c5cf1934a74bfcd91b0b9d1,10
c7c027c859b3fa23d94c67f43fedc903,2
031736ac76c3db639ec7cbac6b720fc6,6
2aae9c3fe80a7c3e8c6bd36fd19b9abb,3
c8be3ab16c5f82b99e8713c28f9c5110,3
8b659e0db3e182eb97d3ab08ba25e566,14
211160d0011bde4db482378120f066a4,55
26a7dc1d44f172eb6876c761b8dc0264,3
fb287a67c66275a85c03568b3f09e3a0,4
6be008ce1f7add81bf4492f56452c31a,2
1991d698d04244f98b41aff6bd74e113,6
c0173374b363980433db295762d0c466,2
6b2ee4fb4cee8ab22a8e853fff33b21b,7
f63cdaa3aef1b01dc93d894f4807af4f,25
8168f1126c1b2d8b5c51e330dab9d84c,43
ee77e6c86854c5f2352a317c52a73982,12
94ee049db53f82af69bc98f41e6c5ee8,6
78048c837dddd65fc1fd0563f2997246,9
57b7575d80f2774e1019c186a1d4ffad,6
04c093947506dfb78584ce63975c4344,6
9b5b60c8bd480beee291db05d4adf468,4
0680c2a6a81e63d73b315a5c6e150eb3,3
de05bd65e10f206ece6aca76c0971803,16
a6bcc8b6e5ccac03dd32b21a7b22767c,9
a81f3b0d70b892b497a218acd9b2b126,16
5903e6708f48afec71e6dd16eda9a05b,2
b75fd637d73999f770e6b8a4a4c5a409,1
b6fa5e6170b69d7fc2d7279eef5fa438,2
da00ac0f0682082cc195006f8865845e,3
4dc31f3c141ae9ea5a3e31f92f5cf62a,21
626c0a34282dbc80eb2edc7755db1a0b,4
5d97406246cc69f9b92a21c8a61f51e5,9
d145e62d524521e95e37270bea088d9a,5
70dba7b684956a91a0c1683ee7243817,5
2ec86cd6fa1cea64a650d8e526921b3c,2
c638df778c78612cf99b7a902f4b3b3a,6
580c6898c79622dfb383b94b77e15a3c,4
ae42930d0b22784e56ff3e9a07cd32e9,5
79ef674df0bd85fd17a4ff71571cfdc9,4
9503cc1c9e4ca0562677b1b017e60d47,6
de94ae6f14c8da19475d43f7aca2f649,2
c89ee0cfa28fc5e7f79b9b71591cf42e,13
f701fad210b98a039e0457cadcac9701,69
7ff15ada18f0efc06d61b0deca3816a8,21
615bd54175bf18957da912a09d0a37ea,4
286982285f6b0f33967f6537b81b1041,83
b4a5ec2a1e7f2bb02eb4d5755f55c1da,23
9e8ff1a8c9352f5d714c2b37a157d6bd,58
a84d9caf80743888b62adc9f122ee4d0,2
b7246fa3802314a06486f12376eb2cbe,10
5bcc0fcbda04822b65c0445a7a222db5,14
25fdbece9829e30afd1c13767cbdc328,4
415e9d6fee0fea83aca0411c3cebd702,3
4f9150385360f8151bbab10a1760cf11,3
84786e6ea1ef4817ccbde4a61e71507a,4
015fd408bcf1b6fd8bdabd7e5fe2e15a,2
0fb8528048e20d3eaefa096bb9cc182e,8
03e5bd8a8d3fbd53a7547756478e71e9,1
76fbd8d587f023fb483615968f1d44f7,4
642fcae1211890a28dfa812219d68c95,2
576649e8c48e34a9d004137d4110b184,6
8647650b0d7775c9c7a6cfffaffa8fd1,14
44aeeb93e0afd005ede3f45a236e4516,6
37c4175ca9e4247033924dd48dae5b01,1
c40d643c498b59ee57bfc579023ebb8e,10
22a26740980cbeb6375b549854a80de2,12
1e0c4dc6c9e56ef1c545902d34dcab18,20
1258ab4156f5f2a6380cb4bc75810dfd,15
23e15582a5b69ce9b168c32d655a8274,15
24e40242617b7997e9ef45dbc2cd13e9,11
98d0624e8696753d72e166a8830d8ab5,77
9d6fdd4f4e18b29e3b77224bee7cdde6,8
97cf398e3a33c36ef66ae440e2eb76f2,2
cb739d383b97b360b9b90ddddc6fd7b1,6
ed3c82dc0c010c403cd7e710b0f9690a,10
e6f5d91fc381fa3c6324def15e0d0395,17
2f4ee8ef976d92421eeec2a5b8bf573d,17
de530598f165d4bba0e4ab78a996ca68,19
1833cd379e78e8cb5882b64dcda6618c,6
bb3ddea3505effac81eb3384c228203f,4
f30b37ea80750d45db9d66a77c457db9,19
79e91eb991938f125308fe192ada1708,3
d21716895c65d41c4da9c03e4f29013c,18
7c1af9183b9287e5e9760a399c494499,3
4917ff0a52a505e31a026d9f2a55d7fe,4
45bc784529e55a7176cb0f4834e860ce,36
334a9a82884812910d80dae7dd92b713,25
dcee048a8f836362a29337da7a251f58,12
783c830b8a084623432962af2814438b,29
44433481c5b54b4ab56fc449de73efe3,12
93428f0fe4357ed55de983ac373366db,3
83e9f7461f0c5348544f1e07811555dc,16
a42c1f8da2a896008d0002b38e0ecfa3,14
c889c8af0a8913b2a3b0b2d48116de89,29
b63d1cdc6bdfdca86e7afe5df9680fa5,9
3209409a2c9cda7873a6d8e480547f01,28
2bffcc59ae7308539da608f587587211,6
9813b68b5f27602f2345912bd193be20,19
511eaa95b10b2065ffd20241ffd1fed4,5
f7c11d07f9adcd5047a39c693dece05a,13
e767c8159aec664ba321a67ee660c601,4
38d9c0d98585dfeec229dc20e1235c35,6
03d2700df667fd83a0ad3ca8171fdc4d,28
e733621dd5e454f5f98005456215f8ed,4
bdc2e0829423b066b80997e9e3952338,31
3cce861926e9e5cd6b666f0ac9807e60,15
a05b230ec6061c05531bcf9b1e584237,31
5b51acc968791cf69347b4e34bfe1fb8,6
86561f7c927fa53a915bad4bfdeb46fc,5
6e7c2376c242d276de2d3954e1db3c4b,5
5ae33ea824094c8d204dbed4eb1a5c95,2
8851b2628cd4f8fb1fe196384f0b55a4,8
00111c15d04f52d472cf677bbeaf394d,6
b814b476727c9abc547e02cbcc11e676,17
fea3fe76e6ba7435632f4c4b829e6dc9,13
7b5ee478567d9dee621fcecd98e8a72d,65
3fab747ce4f1af696c3ec3e859732911,4
2fd1aa1140a519d3ab8856a8e4e48a10,8
e94d89c00be616ca5fe238ca07ae27cc,2
4896a621f59a82e18880239005b3dd97,11
7b0364bbd625276403ab9ee5ed0c3e3e,7
d463d4df8338b44851232938a2a7787b,31
0c9930f8f305d36e5e13adfa3c5cb57f,35
7b5c24c4379d11fad8ed51b6bc48f0ba,216
78f7c895c961f4c1563f6fab36aa5f9f,10
56342358088274aef20fc7355c9fcd7d,61
9c6ccd472204fff5d94a4084df52e833,33
9e4661f0b4dd93e0e265e6971559fdf4,45
5e0cc9bea1c547b77093797c16b06d80,16
9658e287384deb2ce58df20d5da6033f,22
0f0cf40aac1225419ebde92560a107c9,87
b44004b5e9bc91a25990d4b32ac85d7c,16
81658ca712dad3650d7634c1ce786fc5,13
e51c593389def9942a0bf1a684f7e359,326
aafff39fce1af377111d9e2965d88e68,35
39b6b7e57833f200f051ba1960caa2fb,206
284fa5768e6e4227874314f18b875c79,11
501ee64e1508db4735ea57bfe4e0067c,7
6189ddd1e3e1722be9dbf7c2dcfe2e9f,23
eac595f79d1a9aacfc075071dd0f1dc7,187
e9af91fff07976559cac2ca2c53f797e,73
fa60acc2412ec51d5cdafa0443eb7c42,23
7be4dd8850b49e1ec084912912fb0e3b,16
42daa37b548cf2701977d709f943d0ba,112
10269ebfbce252f98b968d09b04722b2,88
f0926a96510339ae659855bb11584974,15
34ef477603c484fe24e6efd4108f4005,13
ad6c737fdd159066605813ac386e2943,9
7ff3d89811ed7bc8ac575ad4b1284a19,29
894196ec41d5cbac76cdabfebba87d5f,60
3874e6d445a75b08dd02cb9799c31db3,19
5656f490672b94f23e1c9cad069ae8ce,12
dcca68bc65f0361af37caa3de608f4ca,10
9ead5947643fd197d9c89907c3d0a513,55
c536fd8be9d6bd67b744367263f39ee6,16
37bab23a372950e07381f850099aad2a,22
09d03e360dc83443036c384f1be78063,26
6a5b6785e45f9f4ec65d2aca64cdb90f,5
bd0d2d5776dd95d75ca09547375b15ca,6
05b02470cd6ec2ab41b612132bcb291e,22
e4d2b9dbcc83f876c8c81c6845f0f9da,24
9ce46839358427e16f2943a1967cc12f,26
5c16756c80c16c597b406e55783c249c,30
70731c61efd259de275b05072567a432,24
94648f230dbf7a8c5c9c3d3f6392c283,3
29561e2603a4498093d26b53ff2225af,15
19f9d85e92134b7e6179add79e6d82d1,6
9542c10fa2edf9711b0a64c80b171d7a,27
e8f313f9963b189b5cbd2277fceebbbd,61
fdecf99921c5010edb11e2fe99742f53,12
d7e5324da031ced6e6f4a49ce94f838e,10
245d099278ac6ace1bf27a76d91b8381,30
fda8214d0cf3b16c179a51937e87252d,3
73ff5929a2301d287363a56804800f92,17
b374465c84e23e0ba10785f7dcde9887,40
cb0fe3a36bf27570ece5b54c5f0aba1b,21
0a8d5a53514dac60bc243e2b00dae036,39
41c7c346508c2fc69ec92b8dfb24a7ff,20
baaea5fefbc5e3271cbc928255d6d10e,22
78c8706b45952d753f3b30620eeb5ee8,18
3bb1a3080d1d5dcfe42423fcbcbfcaf7,17
a18caba20f06a4d4a281cdab9d855104,19
938ce83f85caddddbe643c7746417228,16
b4648d86c3e726821f5f8428520b5993,20
5544872e6af007a1f117f8b89414cdde,25
fe33e55fd9efd76622092051b4c604b3,15
81c790c9111f28d8486071a254a97690,12
b1bed14212550529353c91c633771369,13
9142bf26acae79e6e4b27ee339bdf743,26
727aa85fca35182780345dd05a749741,13
0c13a674c2645f5691fe7cd7c7e6a987,57
122e2e8aef1df388dfe22cc5846fe602,14
98c39306f06c5ebdfab566e4c75c7797,12
37073b0a9a43749953ef205a1b1abd23,23
7a6644746f25b43b59b298ee499cc956,15
feb2d02193dd6353163f406047fc6b88,17
da41c6c6704c4613878230db7a29a659,11
d53afa90d8a67dd2942b29a24a0bced3,8
161236e945282233526004780d0015fd,29
f52bb7dafadd46796034a1cc7f55658f,17
3a9f9697f59909b12b924fe82eeee4cf,7
851055689b9ef79d7630af1978d45f85,7
c248487deab98cb5686400073b0f6bb5,6
991dde864bdd101d16a33d430aa4abec,13
0021fd05a19fe0abb2a0e2af3a052b9a,13
31e0b3ef6c7ee6e6b4ffa986d35acd2b,16
cfc2d039f5756bc15ec0fa473d1a1f4b,9
7158052379646649d8c895d7808b61ed,4
f5d08a74773f5f2df9c3d0b4b0919565,5
b8f7aa8224e68e8163f10d01fc1c2b09,4
b9a1d5ebcdeb631eb028c3a07e03d59a,14
f7691af663406bc4c848069c99ff1549,7
a669cd4176438bea5f70a2a0dae20f26,2
d73d869e73d766bd07ce144632303a3c,5
5e95c60a0030274e5daff11de2c8bf58,4
f8bca7cf67e5263f92ddc5a4dadf80c6,4
da9bea5d9a4f03df3cabc2281ff00cb3,9
73001ee5eda5dba01e12c066b75a4cad,15
5d52752cb0003dc6f99fa4062d3aaf58,4
a2502419e6db1c50f040bec90debd600,11
7f1ad3ced8c537fd5af58a97e56d8525,11
b1cf85e95b8306f035e969a51e772899,7
2a3cefb1d80c5f08dddc3e06c3a0804c,2
5351902be44ebf9f3187feb4ddefd672,4
4cc4a5817240aade1741d8958b0340b1,6
e4adc25384e381137c00fd9221658f8b,3
0885655a79dd5293e5c5775a8f21d1da,2
cd21217b24c846d5cad1719db8af2f29,1
b376cc82f8254574833210a58f8d9d1b,10
879220ed0c52b597bc8699b91238bd83,4
31c98a1b0f800fe7a8d9fb6d2360efb4,10
61128936b794f2ac92a365bb3de1ecab,10
d6956fbdc33da220e3902f069fbc3f77,7
b501101e0ed48c553120add860fb582a,115
206d82565f2dc9258596b32dd3bea27e,4
44bdd05a8853f6204aae809d7f8afbab,17
f904fefc363ef36554ed9c353db9bd49,6
9c9543f08a475f91dcd502ec4c4cdf9a,1
98a4f26e85d5f42f03e5d3c22de0901d,19
e7fb032266fcade61544cb38f0cf001a,6
4896bfd349b50a3301dad6f020aee4af,42
65c65d07768a6042418018c1f5e3c159,32
28aa2766dde0912c19290fc417a49aed,8
7971248bfae5a959061a1784b794515f,16
862b8f4a29605fc0e93c7f3b8de11677,16
967d7cf17cb1d852df3a730b4b6ef1ad,3
3da9ea350c18a51d85dd776733501664,17
d160f0d3e9f5d0630a18b51a987afbc5,29
05c147264c628526c8e9bc8486bbc565,3
341a556d6f73e4a40835922c2852d619,1
1a5841a0419437ee531582725d1b314c,11
ea38c4f01a25dbdce8a0d18c27f2e24e,16
54fd74f9ce1e56c021b86f05ebd5683a,40
b41e05221e7b252397ac8a46e4894edc,4
1272faa120fc30b5b39782344002bc83,4
855dcd01a80909251a1d7e3fef0d1be3,3
02ab505b61df3362c4eae189f3bcb086,46
2c67326b4c4491e1484657d56a02f74b,2
c9f5a3d09fa3b6114d4ec69d3cc43475,15
afe2d03bbabe4dedb8aef9a66c94e1f7,21
2bfd298f38df8476a0c364133fdeed20,10
973f1d80b8e160c328171ffc55cc7aa7,25
928127b3cfc9cf4e88cb3366f2abb067,31
0d748acb8f82d5f1e0cfa7202b8a565d,18
0915e55deb0d4e75b1a2044875320664,7
19f884a4d382aa75ca6c0c811f636ad7,19
cb740175b6ffe34454c433ae52ab07f9,2
573dcba69b49fe3330665b550272bad1,6
0b11ec8e22f8d299c22fd1ac489ec93b,32
765134935b0f6c17d2a24c4c58a298f5,3
1db27c9a5d5092f2d8215dc1f3f55ca6,11
733ec46adc5a2d37811b527433cd263e,1
b7b2439b6bc39a7aad4518f2c985d254,10
226e3c1953c6b475d596338f7508321e,3
2a0ca724bd6abc3ae1d83666122800db,6
8d6ec3d9b00d836574362e924678e6e3,2
61301c160d8ff52faab29ec827c55772,24
293e12cf19e626916d2a5c51dce7117a,9
8f5a16a31591e1231377558cca52d86e,1
2e45eb7d9f85b60f394c328b016e4f42,2
0147e7a1db3e595b9d2d39f1ec0fa2e9,1
7ca743fa1cfef08dd3f81bc7c6d38050,20
13b62d588bdd8aafe61fdcae38b30148,9
bf35de8feaf993d157a9b80a1adb6ddf,7
b7d78d021f7a62a8d1d043e1c238cf83,2
f3b277f4b9ad0699934aeafcb18b0f64,27
26efbb93d44c6ae35122524a5156f5b6,2
e3f16d09492b7c28f0ab9f048ee69dc7,8
af1a4fa01dbdb1bfe0a650e16470f758,5
305c7c63c4e10b01520d715b01be46b1,6
556c57cb350e4cb821fee21e4ea4259e,7
07901141e85adc5a3f06cc679f3e82a4,13
db7d8b94ae959cbb977be065fb2d5714,1
102570ca4464a8f786ea9ad25b55443e,3
bff4413eccf7f616ef8bc6bc77599307,6
57987f7af76679d576d54dfc793f40e0,5
55c5f3919514eb8610e096427990ab03,10
6f6bec45eb406ed8fe5215f9a4a88a1e,9
c5de1076f353fee8a4e3557b693beebf,1
0049a48bfe03e23235ef45969f32c619,34
27b882743021fc95c643317a6782f736,33
b1a63d358713ed498d12dab8108e00ae,7
a31cf0c9cb9d23ea226cd3e320cb491e,4
bff4cf24610266eec3f7a03994329dc6,6
cfee957cd241229cf64e1d43459ce477,13
1a1ebb6519879584477e160272e9a3a2,1
4ab4c9d2534366350ed4141364f45062,954
0757237361717c65316c65c5082d5daf,3
dec71b1ef629a8958807b18df0c4e27e,7
eaf0eff411b6a4e37b1ed237c3eee60d,9
e5621fdfc0edc49ce83501a2642c077d,11
3811d46dde120818ed8e5eb15c4caf39,6
72ca14c8e20be022193b84f905f2ea4b,6
650035dd2c3f9d73cea2eb10106799c1,9
68cb085a7e855adf13cdadb0e07ff34d,5
6420da1bad82afd97918b10074d56337,3
b3d179a987f44cc981d677559da5aa6a,21
7054cd003b3689a55cede19e165db690,2
060a87b5617626843b826abe09f1f0c6,4
8c873792e52f3d18160791e79e38192f,1
33320f5c9d07eb80c2a4dd50a94de2c9,15
4e42701f049e995c73e9db7abe8df65b,10
56a05d53457f00937c4125eff3151621,6
0bfaf4312422b7a7be94684ecbeb2292,20
0af6f7aab77f2404e52568dba23c683b,9
7616eba08d6d13e5a4b42e197171e557,9
8c12379319d8d17fa150ff056d081979,3
e23458ce3dc4802e8ebc6789a27a6300,25
5abc8cbd74e95ec23fbb5e0bf995e3cd,9
0e4841ac4eded65ea34793c8dae78ae2,51
89135991eb923c7153e9cf79f82cc78a,4
2f1394b4c11cea763024815c81a77a71,16
944b66ae6b15d57f7c988f44577af1fe,6
b7b44ab6fddfeb196d446866f2cd70f5,40
2c8b2fb63e020e5a4e8533604ae14490,46
9d376ea81f954b9fc80e4f96db0b8882,10
a190282c6d3ea7b968dba7e1236a12d6,4
f83ce042fef91b0409eb2643b9c52310,18
05f60a9418d4e4ea7f993aa04234e463,216
3e9e7fe3af90a409d9c4f491839b43d4,15
b07732384012ced7238bc5ef106af4eb,13
80683e035670a640a89b8ef2f6ce4f33,22
76f81601fe54e08a13be33cae44b80c2,9
c0c7b3a53a4d58cc580fc09cf17f3651,22
a4cd3bff509abe8dd6d3549c49c99e3c,10
687e99c3dacf15e990554df973b28960,3
0687c65c77a840c85865ff425417a5cb,8
890097d0effe6cb3088dd80d9191aa08,21
ea61deb6ae44d7508bb6dc245839ad4d,10
e9494ace1e75083811991a2e844c2ae5,7
44349c4be8d43a254018677b31f38b3e,9
10d96889fd5eff0540cda6080df94d73,2
67ea0f587521fd6460ff3365fff0e587,5
bcab59240388bc8e9a617e3bd0c06153,31
41099fba0582c1401f74d91361c5029c,16
008515ca2c3bface5929d21fafb8da0c,15
292be54d9c84fd65105ac65b2973e806,25
eb89e503957f1a0dc0eea7af821b0bb5,19
ceba8bbb6481e8a795c03065a76e8738,21
821b6528667383e36fa81df1c5550230,2
a3af1ff9678297aecd24bfbc9d06ca7d,24
7f4c7d7cfbbc5e7d6db3ac569b477bcf,11
f224f5ff6145a9058bdbac56c73f197b,69
be064a609737e36792fc858c62291187,29
24e57c228eb39b2823c93f04f9d12007,26
2a5ab55cf1e8e67931e7359e588b89c6,35
bd83d1e3a1d2dedcbb0b435a0cc861f8,26
4a6c56ec3167037424d371a709a8ff1d,3
41dec33bcf0866fef1e19ff66c6b05e5,121
23c0ca18375811cd8146f9a5494d5237,60
4e021201216d229a7bdcb5baeffac721,10
dfe7d057734b75add33671779f3991c4,25
d7a12514879f5be785b90edfe306962b,48
2091a808aa9f472d1093a3ab91a587c5,14
1e35275235f724499cadb1f2cf38541a,450
a0e145e162d1f5525a3677e7f0bdb08b,23
fb256de143d37e674ff7293cc095340a,182
97affc2fa9192011828148027dbd91f5,16
67ddb7e3ab8708a75d346787de213f92,8
d78b2b6af1b21b837479fb553bff008d,28
f392ce5bdb0d3a11d0bd902012eeb6a2,29
749537af9f4d7e6f69bcc9b3bf109957,35
e18251ee4a6a17e0698a0da7448ceb52,7
b46ca9f8dbd5a7c9f16777691ee78435,15
a5bd70024a7af26b96480bd56b124ecd,5
d40b53b643a2a2b38d3e2082f59b4eed,19
330b4cf9072a95dc17997ecbb0603185,15
e176d37608f94b94601f25bcdfa62f6a,20
6ed70110585dd275c0359447cb18955f,11
44a9b7ef890db27eabfa9731cfb0481b,11
5f7cc45bc9194da703172047c7e19233,27
fd112b6ce181d7c40b1df6873f42d339,13
2c6ddda81a91890bf7531a6a350d5fbc,4
0775a14811ab51dade04ede8c25a6fa5,23
4b9abc446992edc7687d6f5e5bfb778f,3
979321340533447e8e35b85eaeb892ed,11
417439a5b08197b8ffe7d51e60bc3cbd,15
ac4b0832910b3f41cb80eb5440500bff,17
154c1c8e3ecc6edee17edf4bc2639aea,7
196548896840e72ef2ef49d24025be02,27
4983f776585ad8c336aa1c621a4df4b2,34
ac9605cb06d795bcea8ef2204cbaed25,22
91f09cc57a7c50a2a1f26b768e1b4435,62
1df477c4ab3450803d63a061108f5080,66
1cf9ae6528fd11d3c47c0ee5b6623e7c,82
e50d2030446496a31c63a3e6908c6ddc,34
7ef8af65a1cf5f8e69b1eb7e713d36d4,20
b618b6cf0ec6075f34c8602b77a46dd6,13
e34bd05efa617a493e006d15fa6cddc4,40
39ad46b754a9a69819dfc2039c2e6a57,35
8bb9504705849b268fe1ec3c3d3dd290,17
620980e511f381476bf6308bddd4d76e,89
8f0dcb9fede2d89e91280654546e0433,47
c55bbec47174202d6cf7a973c8165991,16
d85d0b75bed6ce6b95e34698966cf6dd,71
0b74d8284f069223907ccc8c098aad84,67
7248348a3615cfb6175386ae900ba251,21
bd1786430a1f05f6fded4ca3c7f33526,20
fcb3bcfbd5c110603e7f783c1a3f1a83,5
610feab31e7eb7ac3e16f108d1d48a22,16
8cca98b11277311d18a27dc718254a48,25
7c9cd0b8f0644f0b65dbd047bb8515c5,23
f850f8ab7699344a86106a137482e4cc,34
5754db68f63980204a83a4015189a308,51
7b989713af23864ae9e1740f72413049,39
002d4db84338fa25e7f2b56debb5ffa0,12
d8f92ddf72ce7582d1d65860fa052aaa,12
bd6eb76b80d00673f45648b4e89f65aa,12
58ef5340ce4b76a89e6aa6a2d4793edc,34
b6d6fe1bf47fddbd201bfb7672d3d846,5
2f8adbd2624b63a8c599dfb58ec5a6c9,25
a46bfd784860f54c66870284b67438e4,10
9a7ab85326c62e4111506fe54c8549e6,6
9df8e4e71c5c9a585d9304af24f011ca,10
5d867b374d36145f93ea27f027f502a6,8
8e6e730c5d30bf8f97cd692bd3e62fc6,52
21386d75291041c0dfbb20b3bbce75c9,27
87ae76383b45bd7e6c47d234dec1fbd3,45
855a76a583252eec85e3292156ec08b7,17
7ebd3bf340f250b32e1cd8f3f54f0271,5
5e8ff15705df86d477321f8e68f7bf81,13
f4adb1ff1b5284877ff1198211db32e6,7
8fd6293785a18659bb2d7e3411564102,15
a9daaf972a46f3402ba092fe5e739864,2
376e0008b69e2065b3f2cff8a6953b3e,13
03c93acc40135ca5fac074a078a85986,14
f30ee1651dce0852fa41007d0730acdd,4
9834a5f1b9554d5992882c9411a55c5b,15
5b20e55ad4c52f426ef2665702cbd4b0,30
4a0d26611b6f2baaa4e7220c623c1100,34
980678bbf79e3adf8ac1c2fd7d2845a3,35
375d82741070d6b3e2be1eab4bc24423,69
2018e5e80d5e5a65af8cddffa259fe63,25
784ff28377adfef5804bd22de89beb34,4
b2395ede80b57bbba2bac83470ead770,3
d7d35558d8a7d57f64c0753ba349e7b9,6
95267cac2035dae9ad1adac669b0532c,17
114dd1cd5f15bbb9f7f49380fb05d490,9
5efa81ce8967f7937bf14738842adbfc,67
7aefb67eb4fdfa6d70084031987d50c3,5
24782c8a742d0473a13875667c393ff8,5
cd92ed1984ce83d76ed506cf19162fcb,14
721f1f13df4d1a9e0df076684497c845,21
165feebdc295c63b1f03a6227e1e4a8e,6
e42f58677b7087f0d9a16047368bd67b,12
afaab673dc0d8dbe8d14b3cdb9220f26,23
df80153c7ea7c5aa66df8cf1f7820b9c,4
81c7d76f91dc5a758c2ecf6dd6da19bd,6
593b47350952168348d7698a95ae653b,1
7b62c8e6ebc144f6ea76ce3e03f0a928,4
6161eb91a301475fa08964efa70aeebe,11
99ca1661f92c44333839a3dda92143a1,37
9f2a0428441d549e8dd17ecc19b52303,22
23edc38bdc23b48bfe1bb2593df63cbc,9
751c4e141415e3e942aad6a0a45fb7b0,2
9834af46b49a987a0109ee1089b6c9cc,1
0fe3ff647d178152b022203f5433b793,5
de30f34b41432e76d12f17309adc0c91,5
40bec97eef230398ec5e952066e79f6b,3
4028ed81db8efa793df9a161654f600d,1
6638b33ba1d5c1036b050fa0fed25a56,2
e9c49caaf4be94bd052ed6d9b2ac6b28,1
